date,SHY
2007-01-03,0.001001
2007-01-04,0.001
2007-01-05,-0.000999
2007-01-08,-0.00025
2007-01-09,0.000375
2007-01-10,-0.00025
2007-01-11,-0.00075
2007-01-12,-0.000625
2007-01-16,0.001001
2007-01-17,-0.000375
2007-01-18,0.000375
2007-01-19,-0.000125
2007-01-22,0.000375
2007-01-23,-0.0005
2007-01-24,0.0005
2007-01-25,-0.00075
2007-01-26,0.000125
2007-01-29,0.000125
2007-01-30,0.00025
2007-01-31,0.001125
2007-02-01,-0.000121
2007-02-02,0.000376
2007-02-05,-0.000251
2007-02-06,0.001128
2007-02-07,0.000501
2007-02-08,0.000375
2007-02-09,-0.001001
2007-02-12,0.0
2007-02-13,-0.000125
2007-02-14,0.002254
2007-02-15,0.0005
2007-02-16,0.00025
2007-02-20,-0.000125
2007-02-21,0.000624
2007-02-22,-0.000624
2007-02-23,0.001124
2007-02-26,0.000748
2007-02-27,0.002368
2007-02-28,-0.000746
2007-03-01,0.00151
2007-03-02,0.000997
2007-03-05,0.000374
2007-03-06,-0.000871
2007-03-07,0.000997
2007-03-08,0.0
2007-03-09,-0.001743
2007-03-12,0.000873
2007-03-13,0.00137
2007-03-14,0.000249
2007-03-15,-0.000249
2007-03-16,-0.000124
2007-03-19,-0.000871
2007-03-20,0.000872
2007-03-21,0.001617
2007-03-22,-0.000994
2007-03-23,-0.000622
2007-03-26,0.000995
2007-03-27,0.000124
2007-03-28,0.000497
2007-03-29,-0.000497
2007-03-30,0.0
2007-04-02,0.000185
2007-04-03,0.0
2007-04-04,0.000624
2007-04-05,-0.000374
2007-04-09,-0.002244
2007-04-10,0.00125
2007-04-11,0.0
2007-04-12,-0.000125
2007-04-13,-0.000499
2007-04-16,-0.000125
2007-04-17,0.001624
2007-04-18,0.001372
2007-04-19,0.0
2007-04-20,-0.000249
2007-04-23,0.000747
2007-04-24,0.000871
2007-04-25,-0.000373
2007-04-26,-0.000746
2007-04-27,0.000372
2007-04-30,0.000748
2007-05-01,-0.000422
2007-05-02,0.000499
2007-05-03,-0.000749
2007-05-04,0.0005
2007-05-07,0.0
2007-05-08,0.000499
2007-05-09,-0.000749
2007-05-10,0.000874
2007-05-11,-0.000374
2007-05-14,-0.000749
2007-05-15,0.00025
2007-05-16,0.000999
2007-05-17,-0.000624
2007-05-18,-0.000999
2007-05-21,0.00025
2007-05-22,0.00025
2007-05-23,-0.00025
2007-05-24,0.000375
2007-05-25,0.000624
2007-05-29,-0.000998
2007-05-30,0.00075
2007-05-31,-0.000624
2007-06-01,-0.000516
2007-06-04,0.000376
2007-06-05,-0.000878
2007-06-06,0.001255
2007-06-07,-0.001128
2007-06-08,0.000376
2007-06-11,0.000125
2007-06-12,-0.000878
2007-06-13,0.000251
2007-06-14,0.0
2007-06-15,0.00138
2007-06-18,0.0
2007-06-19,0.001754
2007-06-20,-0.001001
2007-06-21,0.000376
2007-06-22,0.001377
2007-06-25,0.000875
2007-06-26,-0.000624
2007-06-27,-0.000125
2007-06-28,-0.00025
2007-06-29,0.002
2007-07-02,0.000654
2007-07-03,-0.000376
2007-07-05,-0.001377
2007-07-06,-0.000125
2007-07-09,0.000752
2007-07-10,0.001879
2007-07-11,-0.0005
2007-07-12,-0.000626
2007-07-13,0.000501
2007-07-16,0.001001
2007-07-17,-0.000625
2007-07-18,0.001501
2007-07-19,-0.000125
2007-07-20,0.001624
2007-07-23,-0.000748
2007-07-24,0.000998
2007-07-25,0.000748
2007-07-26,0.002367
2007-07-27,0.001119
2007-07-30,-0.001242
2007-07-31,0.001616
2007-08-01,-0.000968
2007-08-02,0.000499
2007-08-03,0.002493
2007-08-06,-0.001243
2007-08-07,-0.000871
2007-08-08,-0.000747
2007-08-09,0.002868
2007-08-10,-0.000373
2007-08-13,0.000871
2007-08-14,0.001367
2007-08-15,0.001365
2007-08-16,0.001983
2007-08-17,0.000866
2007-08-20,0.001236
2007-08-21,0.001358
2007-08-22,-0.001356
2007-08-23,-0.000617
2007-08-24,-0.001852
2007-08-27,0.001361
2007-08-28,0.002595
2007-08-29,-0.001232
2007-08-30,0.000864
2007-08-31,0.001603
2007-09-04,-0.001651
2007-09-05,0.002599
2007-09-06,-0.001234
2007-09-07,0.003707
2007-09-10,-0.001478
2007-09-11,0.000123
2007-09-12,0.000863
2007-09-13,-0.001478
2007-09-14,-0.000123
2007-09-17,-0.000123
2007-09-18,0.001357
2007-09-19,0.001602
2007-09-20,-0.003691
2007-09-21,0.001358
2007-09-24,0.00111
2007-09-25,0.000862
2007-09-26,-0.000615
2007-09-27,0.001847
2007-09-28,-0.001106
2007-10-01,0.00095
2007-10-02,-0.000123
2007-10-03,-0.000123
2007-10-04,0.000494
2007-10-05,-0.00111
2007-10-08,0.000988
2007-10-09,-0.002221
2007-10-10,0.000247
2007-10-11,0.000247
2007-10-12,-0.001112
2007-10-15,0.0
2007-10-16,0.001237
2007-10-17,0.002348
2007-10-18,0.001356
2007-10-19,0.002586
2007-10-22,-0.00086
2007-10-23,0.000123
2007-10-24,0.001966
2007-10-25,-0.000613
2007-10-26,0.000123
2007-10-29,0.0
2007-10-30,-0.000123
2007-10-31,-0.001596
2007-11-01,0.003232
2007-11-02,0.00123
2007-11-05,-0.000124
2007-11-06,-0.000613
2007-11-07,0.002827
2007-11-08,0.001593
2007-11-09,0.000367
2007-11-12,0.002324
2007-11-13,-0.003051
2007-11-14,0.00049
2007-11-15,0.003304
2007-11-16,0.0
2007-11-19,0.003293
2007-11-20,-0.000365
2007-11-21,0.003162
2007-11-23,-0.001091
2007-11-26,0.002791
2007-11-27,-0.003026
2007-11-28,-0.00085
2007-11-29,0.001822
2007-11-30,0.000485
2007-12-03,0.002254
2007-12-04,-0.00012
2007-12-05,0.000364
2007-12-06,-0.002062
2007-12-07,-0.001094
2007-12-10,-0.00073
2007-12-11,0.003654
2007-12-12,-0.002548
2007-12-13,-0.00146
2007-12-14,-0.002437
2007-12-17,0.002931
2007-12-18,-0.000609
2007-12-19,0.002559
2007-12-20,0.000729
2007-12-21,-0.001579
2007-12-24,-0.000851
2007-12-26,-0.000974
2007-12-27,0.002187
2007-12-28,0.00122
2007-12-31,0.001584
2008-01-02,0.001826
2008-01-03,0.001578
2008-01-04,0.001455
2008-01-07,-0.000605
2008-01-08,0.001454
2008-01-09,-0.000484
2008-01-10,0.0
2008-01-11,0.002784
2008-01-14,0.000362
2008-01-15,0.000845
2008-01-16,0.000808
2008-01-17,0.001723
2008-01-18,0.000842
2008-01-22,0.004205
2008-01-23,-0.000479
2008-01-24,-0.003112
2008-01-25,0.002642
2008-01-28,-0.000479
2008-01-29,-0.000599
2008-01-30,0.000719
2008-01-31,0.000958
2008-02-01,0.001092
2008-02-04,0.00012
2008-02-05,0.002277
2008-02-06,0.000359
2008-02-07,-0.001315
2008-02-08,0.001796
2008-02-11,0.000358
2008-02-12,0.000358
2008-02-13,0.000358
2008-02-14,-0.000716
2008-02-15,-0.001075
2008-02-19,-0.000717
2008-02-20,-0.001197
2008-02-21,0.002755
2008-02-22,-0.001075
2008-02-25,-0.001555
2008-02-26,0.001437
2008-02-27,0.001196
2008-02-28,0.00239
2008-02-29,0.003458
2008-03-03,3.4e-05
2008-03-04,-0.000238
2008-03-05,-0.000595
2008-03-06,0.002978
2008-03-07,-0.000475
2008-03-10,0.001069
2008-03-11,-0.004985
2008-03-12,0.00322
2008-03-13,-0.000476
2008-03-14,0.002974
2008-03-17,0.002253
2008-03-18,-0.00355
2008-03-19,0.001069
2008-03-20,-0.001186
2008-03-24,-0.004157
2008-03-25,0.000716
2008-03-26,0.002145
2008-03-27,0.00107
2008-03-28,0.000475
2008-03-31,0.00018
2008-04-01,-0.003553
2008-04-02,-0.000836
2008-04-03,-0.000717
2008-04-04,0.001794
2008-04-07,-0.00191
2008-04-08,0.000598
2008-04-09,0.001912
2008-04-10,-0.000358
2008-04-11,0.001671
2008-04-14,-0.000596
2008-04-15,-0.001311
2008-04-16,-0.002172
2008-04-17,-0.00177
2008-04-18,-0.000599
2008-04-21,-0.000947
2008-04-22,0.000348
2008-04-23,0.0
2008-04-24,-0.002759
2008-04-25,0.00012
2008-04-28,0.001083
2008-04-29,-0.000216
2008-04-30,0.001899
2008-05-01,-0.001781
2008-05-02,-0.001325
2008-05-05,0.001085
2008-05-06,0.000602
2008-05-07,0.001204
2008-05-08,0.000842
2008-05-09,0.00036
2008-05-12,-0.00192
2008-05-13,-0.001686
2008-05-14,-0.000723
2008-05-15,0.000844
2008-05-16,0.000241
2008-05-19,0.001084
2008-05-20,0.001444
2008-05-21,-0.001082
2008-05-22,-0.002767
2008-05-23,0.00193
2008-05-27,-0.001084
2008-05-28,-0.001809
2008-05-29,-0.000361
2008-05-30,0.001449
2008-06-02,0.001963
2008-06-03,0.001448
2008-06-04,-0.000362
2008-06-05,-0.001326
2008-06-06,0.001328
2008-06-09,-0.005064
2008-06-10,-0.002302
2008-06-11,0.0017
2008-06-12,-0.00485
2008-06-13,0.001109
2008-06-16,0.000596
2008-06-17,0.001946
2008-06-18,0.000971
2008-06-19,-0.001916
2008-06-20,0.001799
2008-06-23,-0.001093
2008-06-24,0.001823
2008-06-25,0.000727
2008-06-26,0.002907
2008-06-27,0.000483
2008-06-30,0.000604
2008-07-01,-0.000257
2008-07-02,0.000121
2008-07-03,0.001694
2008-07-07,0.000592
2008-07-08,0.000133
2008-07-09,0.00169
2008-07-10,-0.001205
2008-07-11,-0.002051
2008-07-14,0.002297
2008-07-15,0.001447
2008-07-16,-0.000963
2008-07-17,-0.001447
2008-07-18,-0.001811
2008-07-21,0.000484
2008-07-22,-0.000846
2008-07-23,-0.000485
2008-07-24,0.002785
2008-07-25,-0.001328
2008-07-28,0.002055
2008-07-29,-0.000844
2008-07-30,0.000266
2008-07-31,0.002027
2008-08-01,0.000187
2008-08-04,-0.000121
2008-08-05,-0.000483
2008-08-06,0.000121
2008-08-07,0.002175
2008-08-08,-0.000868
2008-08-11,-0.001304
2008-08-12,0.001813
2008-08-13,-0.000121
2008-08-14,0.000362
2008-08-15,0.000724
2008-08-18,0.000844
2008-08-19,0.000723
2008-08-20,0.001324
2008-08-21,-0.000841
2008-08-22,-0.001803
2008-08-25,0.001686
2008-08-26,-0.000361
2008-08-27,0.000602
2008-08-28,-0.000481
2008-08-29,0.000481
2008-09-02,0.001265
2008-09-03,0.000361
2008-09-04,0.000602
2008-09-05,-0.000361
2008-09-08,-0.000482
2008-09-09,0.001566
2008-09-10,0.00024
2008-09-11,-0.000361
2008-09-12,9.6e-05
2008-09-15,0.007119
2008-09-16,-0.001791
2008-09-17,0.004785
2008-09-18,-0.003214
2008-09-19,-0.005613
2008-09-22,0.000721
2008-09-23,0.00072
2008-09-24,0.002159
2008-09-25,-0.001795
2008-09-26,0.0
2008-09-29,0.005755
2008-09-30,-0.003934
2008-10-01,0.003112
2008-10-02,0.002155
2008-10-03,0.002747
2008-10-06,0.002025
2008-10-07,0.000202
2008-10-08,-0.004291
2008-10-09,0.000645
2008-10-10,0.001551
2008-10-13,-0.004407
2008-10-14,0.000239
2008-10-15,0.003301
2008-10-16,-0.000548
2008-10-17,0.000716
2008-10-20,-0.000716
2008-10-21,0.002029
2008-10-22,0.001428
2008-10-23,-0.000597
2008-10-24,0.000835
2008-10-27,-0.002496
2008-10-28,0.001185
2008-10-29,0.000601
2008-10-30,0.000833
2008-10-31,0.000475
2008-11-03,0.001827
2008-11-04,-0.000319
2008-11-05,0.001786
2008-11-06,0.000356
2008-11-07,-0.001782
2008-11-10,0.003094
2008-11-11,0.000712
2008-11-12,0.001522
2008-11-13,-0.002467
2008-11-14,-0.000237
2008-11-17,0.00178
2008-11-18,0.001066
2008-11-19,0.00142
2008-11-20,0.001891
2008-11-21,-0.001652
2008-11-24,-0.002481
2008-11-25,0.000829
2008-11-26,0.003077
2008-11-28,0.00059
2008-12-01,0.001641
2008-12-02,-0.000123
2008-12-03,0.000832
2008-12-04,0.000236
2008-12-05,-0.00118
2008-12-08,-0.001418
2008-12-09,0.003076
2008-12-10,-0.001297
2008-12-11,0.002362
2008-12-12,0.0005
2008-12-15,0.000678
2008-12-16,0.000471
2008-12-17,-0.002117
2008-12-18,0.000472
2008-12-19,-0.000943
2008-12-22,-0.001887
2008-12-23,0.000236
2008-12-24,0.000236
2008-12-26,0.001181
2008-12-29,0.002197
2008-12-30,0.000945
2008-12-31,-0.000496
2009-01-02,-0.005292
2009-01-05,0.002019
2009-01-06,0.000475
2009-01-07,-0.000712
2009-01-08,0.000237
2009-01-09,0.000711
2009-01-12,0.000237
2009-01-13,0.000118
2009-01-14,0.001184
2009-01-15,-0.001064
2009-01-16,0.000473
2009-01-20,0.000473
2009-01-21,-0.001537
2009-01-22,0.000474
2009-01-23,-0.000237
2009-01-26,-0.001303
2009-01-27,0.001067
2009-01-28,-0.000355
2009-01-29,-0.001896
2009-01-30,0.000594
2009-02-02,0.000919
2009-02-03,-0.001069
2009-02-04,-0.001664
2009-02-05,0.000238
2009-02-06,-0.000595
2009-02-09,-0.000357
2009-02-10,0.002263
2009-02-11,-0.000238
2009-02-12,0.001189
2009-02-13,-0.0019
2009-02-17,0.002617
2009-02-18,-0.001661
2009-02-19,-0.000357
2009-02-20,0.000832
2009-02-23,-0.000119
2009-02-24,-0.000713
2009-02-25,-0.001902
2009-02-26,0.000477
2009-02-27,0.000595
2009-03-02,0.002253
2009-03-03,-0.000832
2009-03-04,-0.001071
2009-03-05,0.001191
2009-03-06,-0.000733
2009-03-09,-0.000934
2009-03-10,-0.000596
2009-03-11,0.000477
2009-03-12,0.000358
2009-03-13,0.000834
2009-03-16,-0.00131
2009-03-17,-0.000239
2009-03-18,0.003816
2009-03-19,-0.001188
2009-03-20,0.001189
2009-03-23,-0.000832
2009-03-24,-0.001308
2009-03-25,-0.000238
2009-03-26,0.00131
2009-03-27,0.000476
2009-03-30,0.000951
2009-03-31,0.001425
2009-04-01,-0.000223
2009-04-02,-0.001664
2009-04-03,-0.002261
2009-04-06,0.000716
2009-04-07,0.000358
2009-04-08,0.0
2009-04-09,-0.001192
2009-04-13,0.001909
2009-04-14,0.000834
2009-04-15,0.000476
2009-04-16,-0.001427
2009-04-17,-0.001072
2009-04-20,0.000954
2009-04-21,0.000119
2009-04-22,0.0
2009-04-23,-0.000715
2009-04-24,0.0
2009-04-27,0.001192
2009-04-28,-0.000952
2009-04-29,0.000477
2009-04-30,0.000834
2009-05-01,-0.000752
2009-05-04,-0.000239
2009-05-05,-0.000239
2009-05-06,0.000597
2009-05-07,-0.001432
2009-05-08,0.000717
2009-05-11,0.001671
2009-05-12,-0.000119
2009-05-13,0.000477
2009-05-14,0.000357
2009-05-15,-0.000119
2009-05-18,-0.000953
2009-05-19,0.000596
2009-05-20,0.001311
2009-05-21,-0.001285
2009-05-22,0.000215
2009-05-26,-0.00131
2009-05-27,-0.000239
2009-05-28,-0.000119
2009-05-29,0.001432
2009-06-01,-0.000824
2009-06-02,-0.000358
2009-06-03,0.001788
2009-06-04,-0.000949
2009-06-05,-0.006566
2009-06-08,-0.002644
2009-06-09,0.002275
2009-06-10,-0.000106
2009-06-11,0.000121
2009-06-12,0.00108
2009-06-15,0.000722
2009-06-16,0.00108
2009-06-17,0.001079
2009-06-18,-0.001676
2009-06-19,0.000622
2009-06-22,0.001296
2009-06-23,0.0
2009-06-24,-0.00012
2009-06-25,0.001916
2009-06-26,0.000478
2009-06-29,0.0
2009-06-30,-0.000119
2009-07-01,0.000982
2009-07-02,0.001075
2009-07-06,0.000358
2009-07-07,-0.000119
2009-07-08,0.001551
2009-07-09,-0.000477
2009-07-10,0.000954
2009-07-13,-0.000595
2009-07-14,-0.000715
2009-07-15,-0.002385
2009-07-16,0.001554
2009-07-17,-0.000358
2009-07-20,-0.000119
2009-07-21,0.001194
2009-07-22,-0.000477
2009-07-23,-0.00179
2009-07-24,0.000598
2009-07-27,-0.000717
2009-07-28,-0.000646
2009-07-29,-0.00055
2009-07-30,0.00012
2009-07-31,0.001676
2009-08-03,-0.001413
2009-08-04,-0.000839
2009-08-05,-0.00036
2009-08-06,0.0
2009-08-07,-0.001679
2009-08-10,0.001562
2009-08-11,0.00108
2009-08-12,0.00036
2009-08-13,0.001677
2009-08-14,0.000718
2009-08-17,0.001076
2009-08-18,-0.000239
2009-08-19,0.000478
2009-08-20,-0.000239
2009-08-21,-0.001552
2009-08-24,0.001196
2009-08-25,0.0
2009-08-26,0.000597
2009-08-27,-0.000119
2009-08-28,0.001074
2009-08-31,0.000715
2009-09-01,0.000805
2009-09-02,0.001073
2009-09-03,-0.000953
2009-09-04,-0.000477
2009-09-08,0.000119
2009-09-09,0.000119
2009-09-10,0.000596
2009-09-11,-0.000357
2009-09-14,-0.000596
2009-09-15,0.000477
2009-09-16,-0.001311
2009-09-17,0.001433
2009-09-18,-0.000954
2009-09-21,0.000358
2009-09-22,-0.000239
2009-09-23,0.001551
2009-09-24,0.0003
2009-09-25,-0.000419
2009-09-28,-0.000119
2009-09-29,-0.000119
2009-09-30,0.001073
2009-10-01,0.001
2009-10-02,0.000357
2009-10-05,0.0
2009-10-06,-0.000595
2009-10-07,0.00131
2009-10-08,-0.000951
2009-10-09,-0.001429
2009-10-12,0.001192
2009-10-13,0.000595
2009-10-14,-0.001309
2009-10-15,-0.000596
2009-10-16,0.000565
2009-10-19,3.1e-05
2009-10-20,0.000477
2009-10-21,-0.000476
2009-10-22,0.000119
2009-10-23,-0.001668
2009-10-26,-0.001074
2009-10-27,0.002031
2009-10-28,0.001431
2009-10-29,-0.000833
2009-10-30,0.001192
2009-11-02,0.000121
2009-11-03,-0.000119
2009-11-04,-0.000119
2009-11-05,0.000954
2009-11-06,0.000715
2009-11-09,0.0
2009-11-10,-0.000238
2009-11-11,0.001072
2009-11-12,-0.000119
2009-11-13,0.000238
2009-11-16,0.000595
2009-11-17,0.000238
2009-11-18,0.0
2009-11-19,0.000357
2009-11-20,0.000238
2009-11-23,-0.000119
2009-11-24,0.000832
2009-11-25,0.000475
2009-11-27,0.000712
2009-11-30,0.000119
2009-12-01,0.000239
2009-12-02,-0.000836
2009-12-03,-0.000597
2009-12-04,-0.00251
2009-12-07,0.002157
2009-12-08,0.000957
2009-12-09,-0.000717
2009-12-10,-0.000359
2009-12-11,-0.001076
2009-12-14,-0.001078
2009-12-15,-0.00024
2009-12-16,0.000719
2009-12-17,0.001917
2009-12-18,-0.000717
2009-12-21,-0.001556
2009-12-22,-0.001199
2009-12-23,0.0
2009-12-24,-0.0012
2009-12-28,-0.001442
2009-12-29,0.000662
2009-12-30,-0.000361
2009-12-31,-0.001204
2010-01-04,0.001326
2010-01-05,0.001204
2010-01-06,0.00012
2010-01-07,-0.00024
2010-01-08,0.00096
2010-01-11,0.000483
2010-01-12,0.000841
2010-01-13,-0.00084
2010-01-14,0.000961
2010-01-15,0.00084
2010-01-19,0.00024
2010-01-20,0.0
2010-01-21,0.000839
2010-01-22,0.000838
2010-01-25,-0.000837
2010-01-26,0.00012
2010-01-27,-0.00038
2010-01-28,0.000499
2010-01-29,0.000958
2010-02-01,-0.000429
2010-02-02,0.00012
2010-02-03,-0.000719
2010-02-04,0.001438
2010-02-05,0.001556
2010-02-08,-0.000717
2010-02-09,-0.000957
2010-02-10,-0.001077
2010-02-11,0.000359
2010-02-12,0.000838
2010-02-16,0.00012
2010-02-17,-0.000838
2010-02-18,-0.000599
2010-02-19,-0.000359
2010-02-22,0.00036
2010-02-23,0.000839
2010-02-24,0.000479
2010-02-25,0.000838
2010-02-26,0.000359
2010-03-01,-0.000183
2010-03-02,0.0
2010-03-03,-0.00012
2010-03-04,-0.000359
2010-03-05,-0.000838
2010-03-08,-0.000479
2010-03-09,0.000719
2010-03-10,-0.00024
2010-03-11,-0.001198
2010-03-12,0.00012
2010-03-15,0.00036
2010-03-16,0.00024
2010-03-17,0.00024
2010-03-18,-0.000599
2010-03-19,-0.000719
2010-03-22,0.00036
2010-03-23,-0.00036
2010-03-24,-0.00156
2010-03-25,0.000361
2010-03-26,0.000601
2010-03-29,0.00048
2010-03-30,-0.00024
2010-03-31,0.00072
2010-04-01,-0.000365
2010-04-05,-0.002762
2010-04-06,0.000723
2010-04-07,0.001565
2010-04-08,-0.00024
2010-04-09,0.00024
2010-04-12,0.000481
2010-04-13,-0.00024
2010-04-14,0.0
2010-04-15,0.000721
2010-04-16,0.001561
2010-04-19,-0.000959
2010-04-20,0.00012
2010-04-21,0.00012
2010-04-22,-0.00072
2010-04-23,-0.00036
2010-04-26,0.0
2010-04-27,0.001921
2010-04-28,-0.00024
2010-04-29,0.00024
2010-04-30,0.001198
2010-05-03,-0.000977
2010-05-04,0.0006
2010-05-05,0.001318
2010-05-06,0.002155
2010-05-07,-0.000358
2010-05-10,-0.001314
2010-05-11,0.000598
2010-05-12,-0.000239
2010-05-13,0.000598
2010-05-14,0.001315
2010-05-17,-0.000358
2010-05-18,0.001075
2010-05-19,-0.000477
2010-05-20,0.001193
2010-05-21,-0.000715
2010-05-24,-0.000119
2010-05-25,-0.000119
2010-05-26,-0.000835
2010-05-27,-0.000716
2010-05-28,0.001912
2010-06-01,6e-06
2010-06-02,-0.000716
2010-06-03,-0.000239
2010-06-04,0.00227
2010-06-07,-0.000358
2010-06-08,-0.000119
2010-06-09,0.000119
2010-06-10,-0.001312
2010-06-11,0.001075
2010-06-14,0.000239
2010-06-15,-0.000477
2010-06-16,0.000239
2010-06-17,0.000596
2010-06-18,0.000119
2010-06-21,0.000119
2010-06-22,0.000477
2010-06-23,0.000715
2010-06-24,0.000238
2010-06-25,0.000357
2010-06-28,0.000595
2010-06-29,0.000476
2010-06-30,-0.000238
2010-07-01,-0.000325
2010-07-02,0.0
2010-07-06,0.0
2010-07-07,-0.000119
2010-07-08,0.000119
2010-07-09,-0.000357
2010-07-12,0.000119
2010-07-13,-0.000714
2010-07-14,0.001072
2010-07-15,0.000238
2010-07-16,0.000952
2010-07-19,-0.000357
2010-07-20,0.000357
2010-07-21,0.000475
2010-07-22,-0.000356
2010-07-23,-0.000475
2010-07-26,-0.000357
2010-07-27,-0.000595
2010-07-28,0.000952
2010-07-29,0.000832
2010-07-30,0.000475
2010-08-02,-0.000231
2010-08-03,0.000713
2010-08-04,-0.000832
2010-08-05,0.001189
2010-08-06,0.000238
2010-08-09,-0.000594
2010-08-10,0.000475
2010-08-11,0.000237
2010-08-12,-0.000237
2010-08-13,-0.000119
2010-08-16,0.00095
2010-08-17,-0.000237
2010-08-18,0.000237
2010-08-19,0.000237
2010-08-20,-0.000356
2010-08-23,0.000119
2010-08-24,0.000712
2010-08-25,-0.000919
2010-08-26,-3e-05
2010-08-27,-0.000712
2010-08-30,0.001187
2010-08-31,0.000356
2010-09-01,-0.000567
2010-09-02,-0.000267
2010-09-03,-0.000475
2010-09-07,0.001069
2010-09-08,-0.000712
2010-09-09,-0.001069
2010-09-10,-0.000119
2010-09-13,0.000833
2010-09-14,0.000713
2010-09-15,0.000237
2010-09-16,0.000237
2010-09-17,0.000237
2010-09-20,0.000119
2010-09-21,0.000712
2010-09-22,-0.000119
2010-09-23,0.000119
2010-09-24,-0.000119
2010-09-27,0.000237
2010-09-28,0.000237
2010-09-29,-0.000237
2010-09-30,0.000119
2010-10-01,0.000183
2010-10-04,0.000119
2010-10-05,0.000474
2010-10-06,0.000118
2010-10-07,0.00083
2010-10-08,0.0
2010-10-11,0.000118
2010-10-12,-0.00071
2010-10-13,0.000119
2010-10-14,-0.000474
2010-10-15,0.000356
2010-10-18,0.000237
2010-10-19,0.000474
2010-10-20,0.000118
2010-10-21,0.000118
2010-10-22,-0.000237
2010-10-25,0.000237
2010-10-26,-0.000947
2010-10-27,-0.000474
2010-10-28,0.001304
2010-10-29,0.000237
2010-11-01,0.000435
2010-11-02,-0.000592
2010-11-03,0.000355
2010-11-04,0.000237
2010-11-05,-0.000829
2010-11-08,-0.000474
2010-11-09,-0.001304
2010-11-10,0.000594
2010-11-11,-0.001542
2010-11-12,0.0
2010-11-15,-0.000594
2010-11-16,0.000476
2010-11-17,0.000594
2010-11-18,0.000119
2010-11-19,-0.000594
2010-11-22,0.000951
2010-11-23,0.000594
2010-11-24,-0.00172
2010-11-26,0.000654
2010-11-29,-0.000119
2010-11-30,0.000713
2010-12-01,-0.001493
2010-12-02,0.0
2010-12-03,0.001309
2010-12-06,0.000594
2010-12-07,-0.001781
2010-12-08,-0.001546
2010-12-09,-0.000119
2010-12-10,-0.000357
2010-12-13,0.000596
2010-12-14,-0.000476
2010-12-15,-0.000358
2010-12-16,0.000238
2010-12-17,0.000834
2010-12-20,0.000238
2010-12-21,-0.000238
2010-12-22,-0.000238
2010-12-23,-0.00131
2010-12-27,0.000596
2010-12-28,-0.00134
2010-12-29,0.002389
2010-12-30,-0.000358
2010-12-31,0.001192
2011-01-03,-0.000238
2011-01-04,-0.000238
2011-01-05,-0.001787
2011-01-06,0.001074
2011-01-07,0.001401
2011-01-10,0.000506
2011-01-11,-0.000595
2011-01-12,0.0
2011-01-13,0.000357
2011-01-14,0.0
2011-01-18,-0.000238
2011-01-19,0.000476
2011-01-20,-0.001071
2011-01-21,0.000238
2011-01-24,-0.000119
2011-01-25,0.000715
2011-01-26,-0.000238
2011-01-27,0.000714
2011-01-28,0.000476
2011-01-31,-0.000119
2011-02-01,-0.001098
2011-02-02,-0.000596
2011-02-03,-0.000954
2011-02-04,-0.000835
2011-02-07,-0.000478
2011-02-08,-0.001314
2011-02-09,0.000718
2011-02-10,-0.000478
2011-02-11,0.0
2011-02-14,0.0
2011-02-15,0.000478
2011-02-16,-0.00012
2011-02-17,0.001196
2011-02-18,0.000358
2011-02-22,0.001074
2011-02-23,-0.000238
2011-02-24,0.000477
2011-02-25,0.000238
2011-02-28,0.000358
2011-03-01,0.000605
2011-03-02,-0.000477
2011-03-03,-0.002027
2011-03-04,0.00227
2011-03-07,-0.000715
2011-03-08,-0.000358
2011-03-09,0.000716
2011-03-10,0.001073
2011-03-11,0.000179
2011-03-14,0.000536
2011-03-15,-0.000476
2011-03-16,0.001786
2011-03-17,-0.000476
2011-03-18,-0.000476
2011-03-21,-0.001071
2011-03-22,-0.000238
2011-03-23,0.000119
2011-03-24,-0.000715
2011-03-25,-0.000715
2011-03-28,-0.000477
2011-03-29,-0.000358
2011-03-30,0.000597
2011-03-31,-0.000597
2011-04-01,0.000803
2011-04-04,0.000239
2011-04-05,-0.001074
2011-04-06,0.0
2011-04-07,0.000717
2011-04-08,-0.000358
2011-04-11,-0.000119
2011-04-12,0.001673
2011-04-13,0.000477
2011-04-14,-0.000954
2011-04-15,0.001909
2011-04-18,0.000238
2011-04-19,0.000238
2011-04-20,-0.000119
2011-04-21,-0.000238
2011-04-25,0.000119
2011-04-26,0.000953
2011-04-27,0.000357
2011-04-28,0.0
2011-04-29,0.000476
2011-05-02,-0.000164
2011-05-03,0.000357
2011-05-04,0.000476
2011-05-05,0.000238
2011-05-06,0.000119
2011-05-09,0.000475
2011-05-10,-0.00095
2011-05-11,0.000951
2011-05-12,-0.000475
2011-05-13,0.000475
2011-05-16,0.000475
2011-05-17,0.000119
2011-05-18,-0.000475
2011-05-19,0.000119
2011-05-20,0.000356
2011-05-23,0.000119
2011-05-24,0.0
2011-05-25,0.000451
2011-05-26,0.000617
2011-05-27,0.000356
2011-05-31,0.0
2011-06-01,0.000664
2011-06-02,-0.000593
2011-06-03,0.000356
2011-06-06,0.000119
2011-06-07,0.000711
2011-06-08,0.000118
2011-06-09,-0.001066
2011-06-10,0.00083
2011-06-13,-0.000355
2011-06-14,-0.00083
2011-06-15,0.001423
2011-06-16,0.000118
2011-06-17,0.000237
2011-06-20,0.0
2011-06-21,0.000118
2011-06-22,-0.000237
2011-06-23,0.000592
2011-06-24,0.000592
2011-06-27,-0.000946
2011-06-28,-0.001776
2011-06-29,0.0
2011-06-30,-0.000119
2011-07-01,-0.000339
2011-07-05,0.001187
2011-07-06,0.000356
2011-07-07,-0.000948
2011-07-08,0.001424
2011-07-11,0.000711
2011-07-12,-0.000118
2011-07-13,0.000237
2011-07-14,-0.000355
2011-07-15,0.000237
2011-07-18,0.0
2011-07-19,0.0
2011-07-20,-0.000355
2011-07-21,-0.000474
2011-07-22,0.000118
2011-07-25,-0.000474
2011-07-26,0.000593
2011-07-27,-0.000593
2011-07-28,0.000593
2011-07-29,0.001067
2011-08-01,-0.000344
2011-08-02,0.001303
2011-08-03,-0.000118
2011-08-04,0.000947
2011-08-05,-0.000236
2011-08-08,0.000355
2011-08-09,0.001064
2011-08-10,0.000709
2011-08-11,-0.000236
2011-08-12,0.000118
2011-08-15,-0.000354
2011-08-16,0.0
2011-08-17,0.000236
2011-08-18,-0.000118
2011-08-19,0.0
2011-08-22,-0.000118
2011-08-23,-0.000472
2011-08-24,0.0
2011-08-25,0.000591
2011-08-26,0.000118
2011-08-29,-0.000236
2011-08-30,0.000236
2011-08-31,0.0
2011-09-01,0.000289
2011-09-02,-0.000472
2011-09-06,0.000118
2011-09-07,-0.000236
2011-09-08,0.000355
2011-09-09,0.000354
2011-09-12,-0.000709
2011-09-13,0.000118
2011-09-14,0.0
2011-09-15,0.000118
2011-09-16,0.000236
2011-09-19,0.000472
2011-09-20,-0.000472
2011-09-21,-0.001063
2011-09-22,0.000118
2011-09-23,0.000118
2011-09-26,-0.000355
2011-09-27,-0.000355
2011-09-28,-0.000355
2011-09-29,0.000237
2011-09-30,0.000473
2011-10-03,0.000222
2011-10-04,-0.000591
2011-10-05,0.0
2011-10-06,-0.000237
2011-10-07,-0.000355
2011-10-10,-0.000829
2011-10-11,0.000474
2011-10-12,0.0
2011-10-13,0.000237
2011-10-14,0.000474
2011-10-17,0.000118
2011-10-18,0.0
2011-10-19,0.000355
2011-10-20,0.000118
2011-10-21,-0.000355
2011-10-24,0.0
2011-10-25,0.000592
2011-10-26,-0.000591
2011-10-27,-0.00071
2011-10-28,0.000474
2011-10-31,0.000947
2011-11-01,9.5e-05
2011-11-02,0.000237
2011-11-03,0.000118
2011-11-04,0.0
2011-11-07,-0.000237
2011-11-08,-0.000118
2011-11-09,0.000237
2011-11-10,0.000118
2011-11-11,-0.000473
2011-11-14,0.000473
2011-11-15,-0.000118
2011-11-16,-0.000237
2011-11-17,0.000118
2011-11-18,-0.000355
2011-11-21,0.000118
2011-11-22,0.000118
2011-11-23,0.000118
2011-11-25,0.0
2011-11-28,0.000118
2011-11-29,0.000118
2011-11-30,0.0
2011-12-01,5.7e-05
2011-12-02,-0.000237
2011-12-05,0.000118
2011-12-06,0.0
2011-12-07,0.000355
2011-12-08,0.000118
2011-12-09,0.0
2011-12-12,0.0
2011-12-13,0.0
2011-12-14,-0.000237
2011-12-15,-0.000118
2011-12-16,0.000473
2011-12-19,-0.000118
2011-12-20,-0.000237
2011-12-21,-0.000355
2011-12-22,-0.000118
2011-12-23,0.000237
2011-12-27,-0.000371
2011-12-28,0.000237
2011-12-29,0.000118
2011-12-30,0.000592
2012-01-03,-0.000592
2012-01-04,0.000118
2012-01-05,0.000118
2012-01-06,-0.000118
2012-01-09,0.000237
2012-01-10,0.000118
2012-01-11,0.000355
2012-01-12,-0.000118
2012-01-13,0.000237
2012-01-17,0.000118
2012-01-18,-0.000118
2012-01-19,0.0
2012-01-20,-0.000237
2012-01-23,0.000118
2012-01-24,0.0
2012-01-25,0.000592
2012-01-26,0.000118
2012-01-27,0.000236
2012-01-30,-0.000355
2012-01-31,0.0
2012-02-01,-0.00034
2012-02-02,0.000118
2012-02-03,0.0
2012-02-06,-0.000237
2012-02-07,-0.000237
2012-02-08,0.0
2012-02-09,-0.000473
2012-02-10,0.000237
2012-02-13,-0.000592
2012-02-14,0.000237
2012-02-15,0.000118
2012-02-16,-0.000355
2012-02-17,-0.000237
2012-02-21,-0.000237
2012-02-22,0.000474
2012-02-23,-0.000118
2012-02-24,-0.000237
2012-02-27,0.000237
2012-02-28,0.000237
2012-02-29,0.0
2012-03-01,-0.000175
2012-03-02,0.000237
2012-03-05,0.0
2012-03-06,0.0
2012-03-07,-0.000237
2012-03-08,-0.000356
2012-03-09,0.0
2012-03-12,0.000119
2012-03-13,-0.000593
2012-03-14,-0.001424
2012-03-15,0.000594
2012-03-16,0.000594
2012-03-19,-0.000712
2012-03-20,-0.000238
2012-03-21,0.000594
2012-03-22,0.000119
2012-03-23,0.000119
2012-03-26,0.000237
2012-03-27,0.000356
2012-03-28,-0.000237
2012-03-29,0.000356
2012-03-30,-0.000119
2012-04-02,0.000241
2012-04-03,-0.000712
2012-04-04,0.000237
2012-04-05,0.000356
2012-04-09,0.000712
2012-04-10,0.000474
2012-04-11,-0.000119
2012-04-12,0.000119
2012-04-13,0.000119
2012-04-16,0.0
2012-04-17,0.0
2012-04-18,0.000237
2012-04-19,0.000118
2012-04-20,0.0
2012-04-23,0.000237
2012-04-24,-0.000355
2012-04-25,0.000237
2012-04-26,0.000118
2012-04-27,-0.000237
2012-04-30,0.000237
2012-05-01,-2.8e-05
2012-05-02,0.000118
2012-05-03,-0.000118
2012-05-04,0.000355
2012-05-07,0.0
2012-05-08,0.000118
2012-05-09,-0.000118
2012-05-10,-0.000118
2012-05-11,0.000118
2012-05-14,-0.000118
2012-05-15,-0.000118
2012-05-16,-0.000118
2012-05-17,-0.000474
2012-05-18,0.000101
2012-05-21,0.000136
2012-05-22,-0.000355
2012-05-23,0.000474
2012-05-24,-0.000355
2012-05-25,0.000474
2012-05-29,-0.000237
2012-05-30,0.000474
2012-05-31,0.000355
2012-06-01,9.3e-05
2012-06-04,-0.000118
2012-06-05,0.000237
2012-06-06,-0.000355
2012-06-07,-0.000118
2012-06-08,0.0
2012-06-11,0.0
2012-06-12,-0.000474
2012-06-13,-0.000119
2012-06-14,0.000119
2012-06-15,0.000355
2012-06-18,-0.000237
2012-06-19,-0.000119
2012-06-20,-0.000355
2012-06-21,0.000119
2012-06-22,0.000118
2012-06-25,0.0
2012-06-26,-0.000237
2012-06-27,0.0
2012-06-28,0.000119
2012-06-29,0.0
2012-07-02,0.00031
2012-07-03,-0.000237
2012-07-05,0.000379
2012-07-06,0.000332
2012-07-09,0.0
2012-07-10,0.0
2012-07-11,0.000118
2012-07-12,0.000237
2012-07-13,0.000237
2012-07-16,0.000355
2012-07-17,-0.000118
2012-07-18,0.000237
2012-07-19,0.000237
2012-07-20,0.000118
2012-07-23,0.000118
2012-07-24,-0.000237
2012-07-25,0.000118
2012-07-26,0.0
2012-07-27,-0.00071
2012-07-30,0.000474
2012-07-31,0.000237
2012-08-01,-0.000166
2012-08-02,0.000118
2012-08-03,-0.000355
2012-08-06,0.000118
2012-08-07,-0.000473
2012-08-08,-0.000355
2012-08-09,0.0
2012-08-10,0.000237
2012-08-13,0.000118
2012-08-14,-0.000237
2012-08-15,-0.000355
2012-08-16,-0.000119
2012-08-17,0.000119
2012-08-20,0.0
2012-08-21,0.0
2012-08-22,0.000593
2012-08-23,0.000118
2012-08-24,0.0
2012-08-27,-0.000118
2012-08-28,0.000118
2012-08-29,0.0
2012-08-30,0.000118
2012-08-31,0.000592
2012-09-04,-7.6e-05
2012-09-05,0.0
2012-09-06,-0.000473
2012-09-07,0.000237
2012-09-10,-0.000237
2012-09-11,0.000237
2012-09-12,-0.000118
2012-09-13,0.000355
2012-09-14,-0.000473
2012-09-17,0.0
2012-09-18,0.000118
2012-09-19,0.0
2012-09-20,-0.000237
2012-09-21,0.000118
2012-09-24,0.000118
2012-09-25,-0.000237
2012-09-26,0.000237
2012-09-27,0.000118
2012-09-28,0.000474
2012-10-01,2.1e-05
2012-10-02,-0.000237
2012-10-03,0.0
2012-10-04,0.0
2012-10-05,-0.000474
2012-10-08,0.000118
2012-10-09,0.0
2012-10-10,-0.000118
2012-10-11,-0.000118
2012-10-12,0.000355
2012-10-15,-0.000237
2012-10-16,-4.7e-05
2012-10-17,-0.000545
2012-10-18,0.000118
2012-10-19,0.0
2012-10-22,-0.000356
2012-10-23,0.000474
2012-10-24,-0.000119
2012-10-25,-0.000356
2012-10-26,0.000237
2012-10-31,0.000593
2012-11-01,2.7e-05
2012-11-02,-0.000119
2012-11-05,0.0
2012-11-06,-0.000355
2012-11-07,0.00083
2012-11-08,0.0
2012-11-09,0.0
2012-11-12,0.0
2012-11-13,0.000118
2012-11-14,0.000237
2012-11-15,0.0
2012-11-16,0.0
2012-11-19,-0.000118
2012-11-20,-0.000237
2012-11-21,-0.000118
2012-11-23,0.0
2012-11-26,-0.00011
2012-11-27,0.00011
2012-11-28,0.000118
2012-11-29,0.0
2012-11-30,0.000118
2012-12-03,0.00012
2012-12-04,0.0
2012-12-05,0.000237
2012-12-06,0.0
2012-12-07,0.0
2012-12-10,0.0
2012-12-11,0.0
2012-12-12,-0.000118
2012-12-13,0.0
2012-12-14,0.000237
2012-12-17,-0.000237
2012-12-18,-0.000592
2012-12-19,0.000237
2012-12-20,-0.000118
2012-12-21,0.000119
2012-12-24,0.0
2012-12-26,1e-05
2012-12-27,0.000355
2012-12-28,0.0
2012-12-31,0.0
2013-01-02,-0.000237
2013-01-03,0.0
2013-01-04,0.000119
2013-01-07,0.0
2013-01-08,0.000118
2013-01-09,0.000355
2013-01-10,-0.000118
2013-01-11,-0.000118
2013-01-14,0.0
2013-01-15,0.000118
2013-01-16,0.0
2013-01-17,-0.000118
2013-01-18,0.0
2013-01-22,0.000237
2013-01-23,0.0
2013-01-24,0.0
2013-01-25,-0.000474
2013-01-28,-0.000355
2013-01-29,0.000119
2013-01-30,0.000355
2013-01-31,0.000118
2013-02-01,-0.000111
2013-02-04,0.000237
2013-02-05,0.0
2013-02-06,0.000237
2013-02-07,0.0
2013-02-08,0.000118
2013-02-11,-0.000329
2013-02-12,-0.000263
2013-02-13,-0.000119
2013-02-14,0.000119
2013-02-15,0.000119
2013-02-19,-0.000118
2013-02-20,0.0
2013-02-21,0.000355
2013-02-22,0.0
2013-02-25,0.000237
2013-02-26,0.000237
2013-02-27,0.0
2013-02-28,-0.000118
2013-03-01,0.000218
2013-03-04,-0.000118
2013-03-05,-0.000118
2013-03-06,-0.000118
2013-03-07,-0.000237
2013-03-08,0.000118
2013-03-11,-0.000118
2013-03-12,0.000237
2013-03-13,-0.000237
2013-03-14,0.0
2013-03-15,0.000355
2013-03-18,0.000237
2013-03-19,-0.000118
2013-03-20,-0.000118
2013-03-21,0.000118
2013-03-22,-0.000237
2013-03-25,0.0
2013-03-26,0.000118
2013-03-27,0.000237
2013-03-28,0.000118
2013-04-01,9.4e-05
2013-04-02,0.0
2013-04-03,-0.000118
2013-04-04,0.000355
2013-04-05,0.0
2013-04-08,-0.000237
2013-04-09,0.0
2013-04-10,0.0
2013-04-11,0.0
2013-04-12,0.000118
2013-04-15,0.000118
2013-04-16,0.0
2013-04-17,0.0
2013-04-18,0.0
2013-04-19,0.0
2013-04-22,0.000118
2013-04-23,-0.000118
2013-04-24,0.000118
2013-04-25,-0.000118
2013-04-26,0.000237
2013-04-29,0.000237
2013-04-30,-0.000118
2013-05-01,0.000197
2013-05-02,-0.000118
2013-05-03,-0.000355
2013-05-06,0.0
2013-05-07,0.0
2013-05-08,0.000118
2013-05-09,-0.000118
2013-05-10,-0.000118
2013-05-13,-0.000237
2013-05-14,0.0
2013-05-15,0.000118
2013-05-16,0.000237
2013-05-17,-0.000237
2013-05-20,0.000118
2013-05-21,0.0
2013-05-22,-0.000355
2013-05-23,0.000237
2013-05-24,-0.000237
2013-05-28,-0.000711
2013-05-29,0.0
2013-05-30,0.000237
2013-05-31,-0.000119
2013-06-03,0.000321
2013-06-04,0.0
2013-06-05,0.000119
2013-06-06,-0.000119
2013-06-07,-0.000119
2013-06-10,-0.000356
2013-06-11,-0.000119
2013-06-12,-0.000119
2013-06-13,0.000474
2013-06-14,0.000711
2013-06-17,0.0
2013-06-18,0.0
2013-06-19,-0.001184
2013-06-20,-0.000119
2013-06-21,-0.000889
2013-06-24,-0.000415
2013-06-25,-0.000178
2013-06-26,0.000534
2013-06-27,0.000594
2013-06-28,-0.000119
2013-07-01,0.000442
2013-07-02,0.000119
2013-07-03,-0.000119
2013-07-05,-0.001068
2013-07-08,0.000712
2013-07-09,-0.000119
2013-07-10,0.0
2013-07-11,0.000831
2013-07-12,-0.000593
2013-07-15,0.000475
2013-07-16,0.000119
2013-07-17,0.000356
2013-07-18,-0.000119
2013-07-19,0.000474
2013-07-22,0.0
2013-07-23,-0.000119
2013-07-24,-0.000474
2013-07-25,0.000593
2013-07-26,0.000119
2013-07-29,-0.000119
2013-07-30,0.000119
2013-07-31,0.0
2013-08-01,-0.000374
2013-08-02,0.000711
2013-08-05,-0.000118
2013-08-06,-0.000119
2013-08-07,0.000237
2013-08-08,0.0
2013-08-09,-0.000237
2013-08-12,0.0
2013-08-13,-0.000474
2013-08-14,0.0
2013-08-15,-0.000356
2013-08-16,0.000119
2013-08-19,-0.000237
2013-08-20,0.000237
2013-08-21,-0.000593
2013-08-22,-0.000356
2013-08-23,0.0
2013-08-26,0.000356
2013-08-27,0.000475
2013-08-28,-0.000593
2013-08-29,0.000237
2013-08-30,0.000119
2013-09-03,-0.000385
2013-09-04,-0.00095
2013-09-05,-0.00095
2013-09-06,0.000951
2013-09-09,0.000238
2013-09-10,-0.000356
2013-09-11,0.000475
2013-09-12,0.0
2013-09-13,0.0
2013-09-16,0.000713
2013-09-17,0.000356
2013-09-18,0.001305
2013-09-19,-0.000355
2013-09-20,0.000118
2013-09-23,0.000237
2013-09-24,0.000119
2013-09-25,0.000355
2013-09-26,-0.000474
2013-09-27,0.000592
2013-09-30,0.000237
2013-10-01,-0.000255
2013-10-02,0.000118
2013-10-03,0.0
2013-10-04,-0.000355
2013-10-07,0.0
2013-10-08,-0.000829
2013-10-09,0.000356
2013-10-10,-5.9e-05
2013-10-11,5.9e-05
2013-10-14,-0.000356
2013-10-15,0.000356
2013-10-16,0.000356
2013-10-17,0.000355
2013-10-18,0.0
2013-10-21,0.0
2013-10-22,0.00077
2013-10-23,-0.000296
2013-10-24,-0.000118
2013-10-25,0.000237
2013-10-28,0.000237
2013-10-29,0.0
2013-10-30,0.0
2013-10-31,0.000118
2013-11-01,-0.000366
2013-11-04,0.000237
2013-11-05,0.0
2013-11-06,0.000237
2013-11-07,0.000237
2013-11-08,-0.00071
2013-11-11,0.000237
2013-11-12,-0.000237
2013-11-13,0.0
2013-11-14,0.000592
2013-11-15,0.0
2013-11-18,0.000473
2013-11-19,-0.000355
2013-11-20,0.000118
2013-11-21,0.000473
2013-11-22,-0.000236
2013-11-25,0.0
2013-11-26,0.000118
2013-11-27,0.0
2013-11-29,0.000118
2013-12-02,-0.000602
2013-12-03,0.000237
2013-12-04,-0.000237
2013-12-05,0.000118
2013-12-06,-0.000414
2013-12-09,5.9e-05
2013-12-10,0.000355
2013-12-11,-0.000355
2013-12-12,-0.000355
2013-12-13,0.000237
2013-12-16,0.0
2013-12-17,0.000237
2013-12-18,0.0
2013-12-19,-0.000592
2013-12-20,-0.000355
2013-12-23,-0.000118
2013-12-24,-0.000355
2013-12-26,-0.000109
2013-12-27,0.000474
2013-12-30,0.000237
2013-12-31,-0.000237
2014-01-02,0.000474
2014-01-03,-0.000355
2014-01-06,0.000119
2014-01-07,0.0
2014-01-08,-0.000948
2014-01-09,0.000237
2014-01-10,0.000949
2014-01-13,0.000237
2014-01-14,-0.000237
2014-01-15,-0.000355
2014-01-16,0.000237
2014-01-17,0.0
2014-01-21,-0.000118
2014-01-22,-0.000474
2014-01-23,0.000948
2014-01-24,0.000355
2014-01-27,-0.000118
2014-01-28,0.0
2014-01-29,0.00071
2014-01-30,-0.000118
2014-01-31,0.000473
2014-02-03,0.000271
2014-02-04,0.000118
2014-02-05,-0.000473
2014-02-06,0.000118
2014-02-07,0.000237
2014-02-10,-0.000237
2014-02-11,-0.000237
2014-02-12,-0.000473
2014-02-13,0.000592
2014-02-14,0.0
2014-02-18,0.000355
2014-02-19,-0.000355
2014-02-20,0.000118
2014-02-21,0.000118
2014-02-24,0.0
2014-02-25,-0.000118
2014-02-26,0.000473
2014-02-27,-0.000118
2014-02-28,0.0
2014-03-03,0.000572
2014-03-04,-0.000828
2014-03-05,0.000355
2014-03-06,-0.000591
2014-03-07,-0.00071
2014-03-10,0.000118
2014-03-11,0.0
2014-03-12,0.000355
2014-03-13,0.000592
2014-03-14,-0.000237
2014-03-17,-0.000355
2014-03-18,0.000237
2014-03-19,-0.001657
2014-03-20,0.000119
2014-03-21,0.000118
2014-03-24,-0.000474
2014-03-25,0.000119
2014-03-26,0.000711
2014-03-27,-0.000118
2014-03-28,0.0
2014-03-31,0.000592
2014-04-01,-0.000578
2014-04-02,-0.000356
2014-04-03,0.000237
2014-04-04,0.00083
2014-04-07,5.9e-05
2014-04-08,0.000178
2014-04-09,0.000474
2014-04-10,0.000592
2014-04-11,-0.000118
2014-04-14,-0.000118
2014-04-15,0.0
2014-04-16,-0.000355
2014-04-17,-0.000237
2014-04-21,0.0
2014-04-22,-0.000473
2014-04-23,0.000474
2014-04-24,-0.000237
2014-04-25,0.000118
2014-04-28,0.0
2014-04-29,-0.000118
2014-04-30,0.00071
2014-05-01,1.2e-05
2014-05-02,-0.000118
2014-05-05,0.000118
2014-05-06,-0.000355
2014-05-07,0.000355
2014-05-08,0.000237
2014-05-09,0.000355
2014-05-12,-0.000237
2014-05-13,0.000355
2014-05-14,0.000355
2014-05-15,0.000118
2014-05-16,0.000118
2014-05-19,0.000236
2014-05-20,0.000118
2014-05-21,0.0
2014-05-22,-0.000236
2014-05-23,-0.000236
2014-05-27,0.000236
2014-05-28,0.000236
2014-05-29,-0.000118
2014-05-30,0.000236
2014-06-02,-0.000678
2014-06-03,-0.000236
2014-06-04,0.000355
2014-06-05,0.000118
2014-06-06,-0.000236
2014-06-09,-0.000709
2014-06-10,-0.000237
2014-06-11,0.000355
2014-06-12,0.000355
2014-06-13,-0.000591
2014-06-16,-0.000237
2014-06-17,-0.000829
2014-06-18,0.000829
2014-06-19,-0.000118
2014-06-20,0.0
2014-06-23,0.0
2014-06-24,0.000355
2014-06-25,0.000118
2014-06-26,0.000237
2014-06-27,0.000237
2014-06-30,0.000118
2014-07-01,-0.000416
2014-07-02,-0.000355
2014-07-03,-0.000118
2014-07-07,-0.000237
2014-07-08,0.000237
2014-07-09,0.000118
2014-07-10,0.000474
2014-07-11,0.000237
2014-07-14,-0.000118
2014-07-15,-0.000473
2014-07-16,-0.000118
2014-07-17,0.000829
2014-07-18,-0.000828
2014-07-21,0.000118
2014-07-22,0.0
2014-07-23,0.000355
2014-07-24,-0.000355
2014-07-25,0.000118
2014-07-28,-0.000473
2014-07-29,0.000237
2014-07-30,-0.000474
2014-07-31,0.000474
2014-08-01,0.001265
2014-08-04,0.0
2014-08-05,0.0
2014-08-06,0.000237
2014-08-07,0.000473
2014-08-08,-0.000591
2014-08-11,0.0
2014-08-12,0.0
2014-08-13,0.000473
2014-08-14,0.000236
2014-08-15,0.0
2014-08-18,0.0
2014-08-19,0.0
2014-08-20,-0.000945
2014-08-21,0.0
2014-08-22,-0.000237
2014-08-25,-0.000355
2014-08-26,0.000355
2014-08-27,0.000237
2014-08-28,0.000237
2014-08-29,0.000473
2014-09-02,-0.00085
2014-09-03,0.000237
2014-09-04,-0.000118
2014-09-05,0.000355
2014-09-08,-0.000591
2014-09-09,-0.000592
2014-09-10,0.000118
2014-09-11,0.000118
2014-09-12,-0.000237
2014-09-15,0.000474
2014-09-16,0.000592
2014-09-17,-0.001065
2014-09-18,0.000118
2014-09-19,-0.000118
2014-09-22,0.000711
2014-09-23,0.000237
2014-09-24,-0.000355
2014-09-25,0.00071
2014-09-26,-0.000473
2014-09-29,0.000237
2014-09-30,-0.000237
2014-10-01,0.001068
2014-10-02,-0.000118
2014-10-03,-0.000946
2014-10-06,0.000947
2014-10-07,0.000591
2014-10-08,0.001064
2014-10-09,0.0
2014-10-10,0.000472
2014-10-13,0.000354
2014-10-14,0.00059
2014-10-15,0.001297
2014-10-16,-0.000589
2014-10-17,-0.000589
2014-10-20,0.000589
2014-10-21,-0.000236
2014-10-22,-0.000236
2014-10-23,-0.000471
2014-10-24,0.000236
2014-10-27,0.0
2014-10-28,-0.000236
2014-10-29,-0.001297
2014-10-30,0.000354
2014-10-31,-0.000236
2014-11-03,-0.000136
2014-11-04,-0.000118
2014-11-05,-0.000236
2014-11-06,-0.000236
2014-11-07,0.000709
2014-11-10,-0.000709
2014-11-11,-0.000118
2014-11-12,0.000355
2014-11-13,0.000236
2014-11-14,0.000473
2014-11-17,-0.000118
2014-11-18,-0.000118
2014-11-19,-0.000118
2014-11-20,0.000236
2014-11-21,0.000236
2014-11-24,0.000118
2014-11-25,0.000118
2014-11-26,0.000118
2014-11-28,0.000354
2014-12-01,-1.1e-05
2014-12-02,-0.00059
2014-12-03,-0.000472
2014-12-04,0.000591
2014-12-05,-0.001889
2014-12-08,-0.000118
2014-12-09,0.000355
2014-12-10,0.000828
2014-12-11,-0.000473
2014-12-12,0.000946
2014-12-15,-0.000709
2014-12-16,0.000591
2014-12-17,-0.000945
2014-12-18,-0.000591
2014-12-19,-0.00071
2014-12-22,0.000237
2014-12-23,-0.001065
2014-12-24,0.00051
2014-12-26,-0.000355
2014-12-29,0.000948
2014-12-30,0.000355
2014-12-31,-0.000355
2015-01-02,0.001066
2015-01-05,0.0
2015-01-06,0.000473
2015-01-07,0.000473
2015-01-08,-0.000118
2015-01-09,0.000827
2015-01-12,0.00059
2015-01-13,0.00059
2015-01-14,0.00059
2015-01-15,0.001532
2015-01-16,-0.000942
2015-01-20,-0.000471
2015-01-21,0.0
2015-01-22,-0.000354
2015-01-23,0.000472
2015-01-26,-0.000589
2015-01-27,0.00059
2015-01-28,0.000707
2015-01-29,-0.000353
2015-01-30,0.001178
2015-02-02,-0.000318
2015-02-03,-0.000824
2015-02-04,0.000153
2015-02-05,-0.000389
2015-02-06,-0.002358
2015-02-09,-0.000118
2015-02-10,-0.000236
2015-02-11,0.000118
2015-02-12,0.000355
2015-02-13,0.0
2015-02-17,-0.000473
2015-02-18,0.001182
2015-02-19,-0.00059
2015-02-20,-0.000118
2015-02-23,0.000473
2015-02-24,0.000827
2015-02-25,0.0
2015-02-26,-0.000944
2015-02-27,0.000354
2015-03-02,-0.000814
2015-03-03,-0.000236
2015-03-04,0.000236
2015-03-05,0.000355
2015-03-06,-0.001063
2015-03-09,0.000473
2015-03-10,0.000236
2015-03-11,0.0
2015-03-12,0.000236
2015-03-13,0.000118
2015-03-16,0.000118
2015-03-17,-0.000236
2015-03-18,0.002363
2015-03-19,-0.001297
2015-03-20,0.000708
2015-03-23,0.000354
2015-03-24,0.000354
2015-03-25,-0.000236
2015-03-26,-0.000472
2015-03-27,0.00059
2015-03-30,-0.000118
2015-03-31,0.000825
2015-04-01,0.000432
2015-04-02,-0.000118
2015-04-06,0.000825
2015-04-07,-0.000706
2015-04-08,0.0
2015-04-09,-0.000353
2015-04-10,-0.000236
2015-04-13,0.000589
2015-04-14,0.000471
2015-04-15,0.0
2015-04-16,0.000471
2015-04-17,-0.000471
2015-04-20,-0.000118
2015-04-21,0.000118
2015-04-22,-0.000824
2015-04-23,0.000471
2015-04-24,0.000353
2015-04-27,-0.000118
2015-04-28,-0.000471
2015-04-29,0.000118
2015-04-30,-0.000118
2015-05-01,-0.000409
2015-05-04,0.0
2015-05-05,-0.000236
2015-05-06,-0.000354
2015-05-07,-0.000354
2015-05-08,0.001416
2015-05-11,-0.000943
2015-05-12,0.000118
2015-05-13,0.000472
2015-05-14,0.000943
2015-05-15,0.0
2015-05-18,-0.000589
2015-05-19,-0.000589
2015-05-20,0.000354
2015-05-21,0.000354
2015-05-22,-0.000707
2015-05-26,0.000118
2015-05-27,0.000118
2015-05-28,0.000472
2015-05-29,0.000236
2015-06-01,-0.000627
2015-06-02,-0.000118
2015-06-03,-0.000354
2015-06-04,0.000118
2015-06-05,-0.001003
2015-06-08,0.00065
2015-06-09,-0.000472
2015-06-10,-0.000236
2015-06-11,0.000236
2015-06-12,-0.000236
2015-06-15,0.000472
2015-06-16,0.000354
2015-06-17,0.000708
2015-06-18,0.000236
2015-06-19,0.000236
2015-06-22,-0.000707
2015-06-23,-0.000236
2015-06-24,0.000472
2015-06-25,-0.000236
2015-06-26,-0.00059
2015-06-29,0.001653
2015-06-30,0.0
2015-07-01,-0.000852
2015-07-02,0.001534
2015-07-06,0.000236
2015-07-07,-0.000118
2015-07-08,0.00106
2015-07-09,-0.000706
2015-07-10,-0.000942
2015-07-13,-0.000471
2015-07-14,0.000472
2015-07-15,0.000354
2015-07-16,-0.000471
2015-07-17,-0.000236
2015-07-20,-0.000589
2015-07-21,0.000118
2015-07-22,-0.000118
2015-07-23,0.000118
2015-07-24,0.000236
2015-07-27,0.000708
2015-07-28,-0.000236
2015-07-29,-0.000236
2015-07-30,-0.000472
2015-07-31,0.001062
2015-08-03,0.00033
2015-08-04,-0.001532
2015-08-05,0.000118
2015-08-06,0.000236
2015-08-07,-0.000472
2015-08-10,0.0
2015-08-11,0.001299
2015-08-12,0.0
2015-08-13,-0.000825
2015-08-14,-0.000472
2015-08-17,0.00059
2015-08-18,-0.000118
2015-08-19,0.000944
2015-08-20,-0.000354
2015-08-21,0.001061
2015-08-24,0.000471
2015-08-25,-0.000471
2015-08-26,-0.000589
2015-08-27,0.000118
2015-08-28,-0.000471
2015-08-31,-0.000354
2015-09-01,0.000351
2015-09-02,0.000236
2015-09-03,0.0
2015-09-04,0.000118
2015-09-08,-0.000354
2015-09-09,-0.000236
2015-09-10,0.000354
2015-09-11,0.000354
2015-09-14,-0.000236
2015-09-15,-0.001415
2015-09-16,-0.000118
2015-09-17,0.002244
2015-09-18,0.000471
2015-09-21,-0.000589
2015-09-22,0.000589
2015-09-23,-0.000353
2015-09-24,0.000589
2015-09-25,-0.000471
2015-09-28,0.000707
2015-09-29,0.000471
2015-09-30,0.000235
2015-10-01,-2e-06
2015-10-02,0.001413
2015-10-05,-0.000705
2015-10-06,-0.000118
2015-10-07,-0.000235
2015-10-08,-0.000235
2015-10-09,0.0
2015-10-12,-0.000235
2015-10-13,0.000353
2015-10-14,0.001412
2015-10-15,-0.000588
2015-10-16,-0.00047
2015-10-19,0.000353
2015-10-20,-0.000588
2015-10-21,0.000353
2015-10-22,0.000353
2015-10-23,-0.000823
2015-10-26,0.0
2015-10-27,0.000353
2015-10-28,-0.001294
2015-10-29,-0.000707
2015-10-30,0.0
2015-11-02,-0.000576
2015-11-03,-0.000118
2015-11-04,-0.001062
2015-11-05,0.0
2015-11-06,-0.000945
2015-11-09,-0.000236
2015-11-10,0.000473
2015-11-11,-0.000237
2015-11-12,0.000355
2015-11-13,0.000828
2015-11-16,0.0
2015-11-17,-0.000354
2015-11-18,-0.000354
2015-11-19,-0.000236
2015-11-20,0.0
2015-11-23,-0.000118
2015-11-24,0.0
2015-11-25,0.000118
2015-11-27,0.000236
2015-11-30,-0.000355
2015-12-01,0.000605
2015-12-02,-0.000828
2015-12-03,0.0
2015-12-04,0.000237
2015-12-07,-0.000118
2015-12-08,-0.000118
2015-12-09,0.000355
2015-12-10,-0.000591
2015-12-11,0.001184
2015-12-14,-0.001182
2015-12-15,-0.000118
2015-12-16,-0.000829
2015-12-17,0.0
2015-12-18,0.001303
2015-12-21,-0.000118
2015-12-22,-0.000237
2015-12-23,-0.000355
2015-12-24,0.000392
2015-12-28,-0.000592
2015-12-29,-0.000237
2015-12-30,0.000237
2015-12-31,-0.000474
2016-01-04,0.001304
2016-01-05,-0.000592
2016-01-06,0.000592
2016-01-07,0.000355
2016-01-08,0.00071
2016-01-11,0.000355
2016-01-12,0.000118
2016-01-13,0.000591
2016-01-14,0.000236
2016-01-15,0.000827
2016-01-19,-0.000118
2016-01-20,0.000708
2016-01-21,-0.000118
2016-01-22,-0.000354
2016-01-25,0.0
2016-01-26,0.000472
2016-01-27,0.000236
2016-01-28,0.0
2016-01-29,0.001179
2016-02-01,-0.000528
2016-02-02,0.001297
2016-02-03,0.000235
2016-02-04,0.000235
2016-02-05,-0.000235
2016-02-08,0.001177
2016-02-09,-0.000353
2016-02-10,0.0
2016-02-11,0.000941
2016-02-12,-0.001175
2016-02-16,-0.000588
2016-02-17,0.000235
2016-02-18,0.000824
2016-02-19,-0.000941
2016-02-22,0.000118
2016-02-23,0.000118
2016-02-24,0.000235
2016-02-25,0.000235
2016-02-26,-0.001294
2016-02-29,0.000589
2016-03-01,-0.001333
2016-03-02,-0.000118
2016-03-03,0.000354
2016-03-04,-0.000707
2016-03-07,-0.000708
2016-03-08,0.000708
2016-03-09,-0.000354
2016-03-10,-0.000118
2016-03-11,-0.000944
2016-03-14,0.0
2016-03-15,0.000354
2016-03-16,0.002008
2016-03-17,-0.000118
2016-03-18,0.000236
2016-03-21,-0.000118
2016-03-22,-0.000589
2016-03-23,0.00059
2016-03-24,-0.000471
2016-03-28,0.000236
2016-03-29,0.001886
2016-03-30,0.000118
2016-03-31,0.000471
2016-04-01,-0.000581
2016-04-04,0.000706
2016-04-05,0.000353
2016-04-06,-0.000353
2016-04-07,0.000588
2016-04-08,0.0
2016-04-11,-0.000118
2016-04-12,-0.000235
2016-04-13,-0.000471
2016-04-14,0.0
2016-04-15,0.000706
2016-04-18,-0.000118
2016-04-19,-0.000353
2016-04-20,-0.000706
2016-04-21,-0.000235
2016-04-22,0.0
2016-04-25,-0.000236
2016-04-26,-0.000236
2016-04-27,0.000707
2016-04-28,0.000589
2016-04-29,0.000353
2016-05-02,-0.000364
2016-05-03,0.00106
2016-05-04,-0.000118
2016-05-05,0.000353
2016-05-06,-0.000235
2016-05-09,0.00047
2016-05-10,0.000235
2016-05-11,-0.000353
2016-05-12,-0.000588
2016-05-13,0.000118
2016-05-16,-0.000471
2016-05-17,-0.000353
2016-05-18,-0.001766
2016-05-19,0.000236
2016-05-20,0.000354
2016-05-23,-0.000118
2016-05-24,-0.000707
2016-05-25,0.00059
2016-05-26,0.00059
2016-05-27,-0.000589
2016-05-31,0.000472
2016-06-01,-0.000701
2016-06-02,0.000826
2016-06-03,0.001651
2016-06-06,-0.000235
2016-06-07,0.000235
2016-06-08,0.000235
2016-06-09,0.000235
2016-06-10,0.000588
2016-06-13,0.000235
2016-06-14,0.000118
2016-06-15,0.001175
2016-06-16,-0.000587
2016-06-17,0.000117
2016-06-20,-0.000587
2016-06-21,-0.000705
2016-06-22,0.000353
2016-06-23,-0.000353
2016-06-24,0.001999
2016-06-27,0.000939
2016-06-28,0.000352
2016-06-29,-0.000352
2016-06-30,0.000469
2016-07-01,0.000356
2016-07-05,0.000469
2016-07-06,-0.000469
2016-07-07,-0.000469
2016-07-08,0.0
2016-07-11,-0.001056
2016-07-12,-0.000352
2016-07-13,0.000235
2016-07-14,-0.000587
2016-07-15,-0.00047
2016-07-18,0.000588
2016-07-19,0.000117
2016-07-20,-0.00047
2016-07-21,0.000705
2016-07-22,-0.000352
2016-07-25,-0.000705
2016-07-26,0.000118
2016-07-27,0.000705
2016-07-28,-0.000117
2016-07-29,0.001292
2016-08-01,-0.000339
2016-08-02,-0.000352
2016-08-03,0.000117
2016-08-04,0.000705
2016-08-05,-0.001409
2016-08-08,-0.000353
2016-08-09,0.000588
2016-08-10,0.00047
2016-08-11,-0.00094
2016-08-12,0.000705
2016-08-15,-0.000235
2016-08-16,-0.000353
2016-08-17,0.0
2016-08-18,0.000705
2016-08-19,-0.00094
2016-08-22,0.000118
2016-08-23,0.000118
2016-08-24,-0.000235
2016-08-25,-0.000353
2016-08-26,-0.000941
2016-08-29,0.000589
2016-08-30,0.000118
2016-08-31,-0.000118
2016-09-01,0.000471
2016-09-02,0.0
2016-09-06,0.000706
2016-09-07,0.0
2016-09-08,-0.000706
2016-09-09,-0.000353
2016-09-12,0.000353
2016-09-13,-0.000353
2016-09-14,0.000589
2016-09-15,0.000824
2016-09-16,-0.00047
2016-09-19,-0.000235
2016-09-20,-0.000235
2016-09-21,0.000235
2016-09-22,-0.000235
2016-09-23,0.000588
2016-09-26,0.000588
2016-09-27,0.000117
2016-09-28,-0.000117
2016-09-29,0.000353
2016-09-30,-0.000822
2016-10-03,-0.000133
2016-10-04,-0.000824
2016-10-05,-0.000589
2016-10-06,0.0
2016-10-07,0.000354
2016-10-10,-0.000471
2016-10-11,-0.000118
2016-10-12,0.0
2016-10-13,0.000354
2016-10-14,-0.000236
2016-10-17,0.000825
2016-10-18,0.000353
2016-10-19,0.0
2016-10-20,-0.000471
2016-10-21,0.000236
2016-10-24,-0.000353
2016-10-25,0.0
2016-10-26,-0.000353
2016-10-27,0.000236
2016-10-28,0.0
2016-10-31,0.000707
2016-11-01,7e-06
2016-11-02,0.000589
2016-11-03,0.000118
2016-11-04,0.000353
2016-11-07,-0.000353
2016-11-08,-0.001059
2016-11-09,-0.001296
2016-11-10,-0.000354
2016-11-11,0.0
2016-11-14,-0.001534
2016-11-15,0.000355
2016-11-16,-0.000118
2016-11-17,-0.000118
2016-11-18,-0.000591
2016-11-21,-0.000118
2016-11-22,-0.000237
2016-11-23,-0.000591
2016-11-25,-0.000118
2016-11-28,0.000592
2016-11-29,0.000118
2016-11-30,-0.000355
2016-12-01,-0.000479
2016-12-02,0.001066
2016-12-05,0.0
2016-12-06,-0.000237
2016-12-07,0.000355
2016-12-08,-0.000118
2016-12-09,-0.000118
2016-12-12,-0.000355
2016-12-13,-0.000118
2016-12-14,-0.001895
2016-12-15,-0.000475
2016-12-16,0.000475
2016-12-19,0.000475
2016-12-20,0.000119
2016-12-21,0.000474
2016-12-22,0.000243
2016-12-23,0.0
2016-12-27,-0.000474
2016-12-28,0.000356
2016-12-29,0.001067
2016-12-30,0.000355
2017-01-03,-0.000829
2017-01-04,0.000237
2017-01-05,0.000711
2017-01-06,-0.000829
2017-01-09,0.000829
2017-01-10,-0.000355
2017-01-11,0.000474
2017-01-12,0.000355
2017-01-13,-0.000473
2017-01-17,0.00071
2017-01-18,-0.000946
2017-01-19,-0.000355
2017-01-20,0.000592
2017-01-23,0.000947
2017-01-24,-0.000591
2017-01-25,-0.000237
2017-01-26,0.000118
2017-01-27,0.000473
2017-01-30,0.0
2017-01-31,0.000237
2017-02-01,-0.000343
2017-02-02,0.000355
2017-02-03,-0.000355
2017-02-06,0.001066
2017-02-07,-0.000237
2017-02-08,0.000946
2017-02-09,-0.000827
2017-02-10,-0.000118
2017-02-13,-0.000237
2017-02-14,-0.00071
2017-02-15,-0.000355
2017-02-16,0.000474
2017-02-17,0.00071
2017-02-21,0.000118
2017-02-22,0.000237
2017-02-23,0.000473
2017-02-24,0.000473
2017-02-27,-0.000827
2017-02-28,-0.000473
2017-03-01,-0.000787
2017-03-02,-0.001066
2017-03-03,0.000237
2017-03-06,0.000237
2017-03-07,-0.000356
2017-03-08,-0.00083
2017-03-09,-0.000119
2017-03-10,0.000594
2017-03-13,-0.000475
2017-03-14,-0.000119
2017-03-15,0.001899
2017-03-16,-0.000711
2017-03-17,0.000474
2017-03-20,0.000544
2017-03-21,0.000522
2017-03-22,0.000237
2017-03-23,0.0
2017-03-24,0.0
2017-03-27,0.000355
2017-03-28,-0.000473
2017-03-29,0.000592
2017-03-30,-0.000237
2017-03-31,0.000118
2017-04-03,0.000929
2017-04-04,-0.000355
2017-04-05,0.0
2017-04-06,0.000237
2017-04-07,-0.001301
2017-04-10,0.000474
2017-04-11,0.000947
2017-04-12,0.00071
2017-04-13,0.000473
2017-04-17,-0.000118
2017-04-18,0.000827
2017-04-19,-0.000472
2017-04-20,-0.000118
2017-04-21,0.000473
2017-04-24,-0.001063
2017-04-25,-0.000946
2017-04-26,0.000355
2017-04-27,0.000355
2017-04-28,0.000473
2017-05-01,-0.000687
2017-05-02,0.000355
2017-05-03,-0.00071
2017-05-04,-0.000118
2017-05-05,0.000355
2017-05-08,-0.000473
2017-05-09,-0.000474
2017-05-10,0.000237
2017-05-11,0.000118
2017-05-12,0.001184
2017-05-15,-0.000118
2017-05-16,0.0
2017-05-17,0.001065
2017-05-18,-0.000473
2017-05-19,0.000236
2017-05-22,-0.000355
2017-05-23,-0.000355
2017-05-24,0.000591
2017-05-25,0.0
2017-05-26,-0.000118
2017-05-30,0.000355
2017-05-31,0.000118
2017-06-01,-0.000194
2017-06-02,0.00071
2017-06-05,-0.000827
2017-06-06,0.000355
2017-06-07,-0.000355
2017-06-08,-0.000237
2017-06-09,-0.000355
2017-06-12,-0.000118
2017-06-13,0.0
2017-06-14,0.000474
2017-06-15,-0.000355
2017-06-16,0.000473
2017-06-19,-0.000592
2017-06-20,0.000118
2017-06-21,0.000118
2017-06-22,0.000118
2017-06-23,0.000592
2017-06-26,0.0
2017-06-27,-0.000591
2017-06-28,0.000473
2017-06-29,-0.000591
2017-06-30,0.0
2017-07-03,-0.000746
2017-07-05,0.000356
2017-07-06,0.000237
2017-07-07,-0.000118
2017-07-10,0.000474
2017-07-11,0.000355
2017-07-12,0.000474
2017-07-13,-0.000473
2017-07-14,0.000474
2017-07-17,0.000118
2017-07-18,0.000237
2017-07-19,0.0
2017-07-20,0.0
2017-07-21,0.000473
2017-07-24,-0.000355
2017-07-25,-0.000591
2017-07-26,0.00071
2017-07-27,-0.000236
2017-07-28,0.000591
2017-07-31,-0.000118
2017-08-01,0.000365
2017-08-02,-0.000473
2017-08-03,0.000355
2017-08-04,-0.000355
2017-08-07,0.000355
2017-08-08,0.0
2017-08-09,-0.000118
2017-08-10,0.000355
2017-08-11,0.001301
2017-08-14,-0.000827
2017-08-15,-0.000473
2017-08-16,0.000591
2017-08-17,0.000236
2017-08-18,-0.000118
2017-08-21,0.000236
2017-08-22,-0.000118
2017-08-23,0.000945
2017-08-24,-0.000944
2017-08-25,0.000355
2017-08-28,-0.000354
2017-08-29,0.000473
2017-08-30,0.000236
2017-08-31,0.0
2017-09-01,-0.000212
2017-09-05,0.000946
2017-09-06,-0.000118
2017-09-07,0.000591
2017-09-08,-0.000236
2017-09-11,-0.000945
2017-09-12,-0.000473
2017-09-13,-0.000236
2017-09-14,0.000118
2017-09-15,-0.000118
2017-09-18,-0.000591
2017-09-19,0.000118
2017-09-20,-0.000828
2017-09-21,-0.000237
2017-09-22,0.000237
2017-09-25,0.000592
2017-09-26,-0.000237
2017-09-27,-0.000118
2017-09-28,0.000118
2017-09-29,-0.000237
2017-10-02,0.000741
2017-10-03,-0.000592
2017-10-04,0.001896
2017-10-05,-0.002129
2017-10-06,-0.000356
2017-10-09,0.0
2017-10-10,0.000237
2017-10-11,-0.000119
2017-10-12,-0.000119
2017-10-13,0.000593
2017-10-16,-0.000948
2017-10-17,0.000119
2017-10-18,-0.000356
2017-10-19,0.000593
2017-10-20,-0.000593
2017-10-23,0.0
2017-10-24,-0.000237
2017-10-25,-0.000237
2017-10-26,0.0
2017-10-27,0.000712
2017-10-30,0.000474
2017-10-31,-0.000593
2017-11-01,-0.000137
2017-11-02,0.000238
2017-11-03,-0.000594
2017-11-06,0.000594
2017-11-07,-0.000475
2017-11-08,-0.000119
2017-11-09,-0.000119
2017-11-10,-0.000356
2017-11-13,-0.000119
2017-11-14,0.000238
2017-11-15,-0.000356
2017-11-16,0.000119
2017-11-17,-0.000594
2017-11-20,-0.000357
2017-11-21,-0.000238
2017-11-22,0.000833
2017-11-24,0.0
2017-11-27,0.0
2017-11-28,0.000119
2017-11-29,-0.000297
2017-11-30,-0.000535
2017-12-01,0.00022
2017-12-04,-0.000595
2017-12-05,-0.000119
2017-12-06,0.000477
2017-12-07,0.000119
2017-12-08,0.0
2017-12-11,-0.000476
2017-12-12,0.0
2017-12-13,0.001072
2017-12-14,-0.000357
2017-12-15,-0.000476
2017-12-18,0.0
2017-12-19,-0.000476
2017-12-20,0.000119
2017-12-21,-7e-05
2017-12-22,-0.000358
2017-12-26,-0.000119
2017-12-27,0.000477
2017-12-28,0.000119
2017-12-29,0.000239
2018-01-02,-0.000358
2018-01-03,0.0
2018-01-04,-0.000477
2018-01-05,0.0
2018-01-08,0.0
2018-01-09,-0.000358
2018-01-10,0.000358
2018-01-11,-0.000358
2018-01-12,-0.000119
2018-01-16,-0.000119
2018-01-17,-0.000358
2018-01-18,-0.000239
2018-01-19,0.000358
2018-01-22,-0.000478
2018-01-23,0.000598
2018-01-24,-0.000239
2018-01-25,-0.000239
2018-01-26,-0.000598
2018-01-29,-0.000359
2018-01-30,0.00012
2018-01-31,0.0
2018-02-01,-0.000404
2018-02-02,0.00012
2018-02-05,0.001796
2018-02-06,-0.000717
2018-02-07,-0.000718
2018-02-08,0.00012
2018-02-09,0.000838
2018-02-12,-0.000478
2018-02-13,0.0
2018-02-14,-0.001436
2018-02-15,-0.000359
2018-02-16,0.00024
2018-02-20,-0.00012
2018-02-21,0.00012
2018-02-22,0.00012
2018-02-23,0.00024
2018-02-26,0.00012
2018-02-27,-0.000719
2018-02-28,0.00024
2018-03-01,0.001394
2018-03-02,-0.000479
2018-03-05,-6e-05
2018-03-06,-0.00018
2018-03-07,0.0
2018-03-08,0.00024
2018-03-09,-0.000479
2018-03-12,0.00048
2018-03-13,0.00024
2018-03-14,-0.00012
2018-03-15,0.00012
2018-03-16,-0.000479
2018-03-19,0.0
2018-03-20,-0.00036
2018-03-21,0.00072
2018-03-22,0.000479
2018-03-23,0.00024
2018-03-26,-0.000479
2018-03-27,0.000719
2018-03-28,0.00012
2018-03-29,0.000359
2018-04-02,0.000292
2018-04-03,-0.000479
2018-04-04,-0.000599
2018-04-05,0.00024
2018-04-06,0.000839
2018-04-09,-0.00012
2018-04-10,-0.000479
2018-04-11,0.0
2018-04-12,-0.000599
2018-04-13,-0.00024
2018-04-16,-0.00012
2018-04-17,0.0
2018-04-18,-0.00084
2018-04-19,0.0
2018-04-20,-0.00036
2018-04-23,-0.00012
2018-04-24,0.00024
2018-04-25,-0.00012
2018-04-26,0.00018
2018-04-27,0.0003
2018-04-30,-0.00036
2018-05-01,-0.000443
2018-05-02,0.000361
2018-05-03,0.000721
2018-05-04,-0.00036
2018-05-07,0.0
2018-05-08,6e-05
2018-05-09,-0.000421
2018-05-10,0.0
2018-05-11,0.0
2018-05-14,0.0
2018-05-15,-0.000601
2018-05-16,0.0
2018-05-17,0.000241
2018-05-18,0.000481
2018-05-21,0.0
2018-05-22,0.0
2018-05-23,0.000842
2018-05-24,0.000601
2018-05-25,0.00084
2018-05-29,0.002879
2018-05-30,-0.001196
2018-05-31,-0.000479
2018-06-01,-0.000762
2018-06-04,-0.000841
2018-06-05,0.000601
2018-06-06,-0.00036
2018-06-07,0.000961
2018-06-08,-0.00024
2018-06-11,-0.00036
2018-06-12,-0.00048
2018-06-13,-0.000481
2018-06-14,0.000361
2018-06-15,0.000481
2018-06-18,0.00024
2018-06-19,0.00036
2018-06-20,-0.00048
2018-06-21,0.000601
2018-06-22,0.00012
2018-06-25,0.00036
2018-06-26,0.0
2018-06-27,0.0006
2018-06-28,0.0
2018-06-29,-0.00024
2018-07-02,-0.000121
2018-07-03,0.00036
2018-07-05,-0.00012
2018-07-06,0.00024
2018-07-09,-0.0006
2018-07-10,-0.00012
2018-07-11,0.000361
2018-07-12,-0.00012
2018-07-13,0.00024
2018-07-16,-0.00024
2018-07-17,-0.00018
2018-07-18,-6e-05
2018-07-19,0.000481
2018-07-20,0.0
2018-07-23,-0.000601
2018-07-24,0.00012
2018-07-25,-0.000361
2018-07-26,0.0
2018-07-27,0.00012
2018-07-30,0.0
2018-07-31,0.0
2018-08-01,9.7e-05
2018-08-02,0.000602
2018-08-03,0.00012
2018-08-06,0.000241
2018-08-07,-0.000361
2018-08-08,0.00012
2018-08-09,0.000601
2018-08-10,0.000962
2018-08-13,-0.00024
2018-08-14,0.0
2018-08-15,0.000481
2018-08-16,-0.00024
2018-08-17,0.00036
2018-08-20,0.0006
2018-08-21,-0.00024
2018-08-22,0.00024
2018-08-23,-0.00012
2018-08-24,0.00012
2018-08-27,-0.00036
2018-08-28,-0.00036
2018-08-29,-0.00012
2018-08-30,0.000721
2018-08-31,0.00024
2018-09-04,-0.000225
2018-09-05,0.0
2018-09-06,0.000361
2018-09-07,-0.001082
2018-09-10,0.00012
2018-09-11,-0.000601
2018-09-12,0.0
2018-09-13,0.00012
2018-09-14,-0.000361
2018-09-17,-0.000241
2018-09-18,-0.00012
2018-09-19,-0.000241
2018-09-20,0.000361
2018-09-21,-0.000241
2018-09-24,0.0
2018-09-25,0.00012
2018-09-26,0.00012
2018-09-27,0.0
2018-09-28,0.000482
2018-10-01,-0.000278
2018-10-02,0.000362
2018-10-03,-0.000482
2018-10-04,-0.000241
2018-10-05,-0.000121
2018-10-08,-0.000241
2018-10-09,0.000362
2018-10-10,0.000241
2018-10-11,0.000362
2018-10-12,0.0
2018-10-15,0.000362
2018-10-16,-0.000362
2018-10-17,-6e-05
2018-10-18,0.000663
2018-10-19,-0.000602
2018-10-22,-0.000241
2018-10-23,0.000603
2018-10-24,0.001567
2018-10-25,-0.000361
2018-10-26,0.000602
2018-10-29,0.000361
2018-10-30,-0.000481
2018-10-31,-0.000481
2018-11-01,0.000548
2018-11-02,-0.001205
2018-11-05,0.000362
2018-11-06,-0.000241
2018-11-07,-0.000362
2018-11-08,-0.000121
2018-11-09,0.000483
2018-11-12,0.000724
2018-11-13,0.000121
2018-11-14,0.000723
2018-11-15,0.000482
2018-11-16,0.000722
2018-11-19,0.000842
2018-11-20,-0.00024
2018-11-21,0.0
2018-11-23,-0.00024
2018-11-26,0.00012
2018-11-27,0.00012
2018-11-28,0.000361
2018-11-29,0.00024
2018-11-30,0.00036
2018-12-03,-0.000813
2018-12-04,0.000723
2018-12-06,0.000963
2018-12-07,0.001082
2018-12-10,0.0
2018-12-11,-0.000961
2018-12-12,-0.00012
2018-12-13,0.000962
2018-12-14,0.00054
2018-12-17,0.00102
2018-12-18,0.000585
2018-12-19,0.00024
2018-12-20,-0.00012
2018-12-21,0.00072
2018-12-24,0.000839
2018-12-26,-0.000959
2018-12-27,0.001079
2018-12-28,0.001438
2018-12-31,0.000359
2019-01-02,0.00012
2019-01-03,0.002033
2019-01-04,-0.002148
2019-01-07,-0.000718
2019-01-08,-0.000598
2019-01-09,0.000479
2019-01-10,0.00012
2019-01-11,0.000598
2019-01-14,0.0
2019-01-15,0.000359
2019-01-16,-0.000239
2019-01-17,-0.00012
2019-01-18,-0.000837
2019-01-22,0.000838
2019-01-23,-0.000239
2019-01-24,0.000838
2019-01-25,-0.000717
2019-01-28,0.00012
2019-01-29,0.000478
2019-01-30,0.001315
2019-01-31,0.000836
2019-02-01,-0.001166
2019-02-04,0.0
2019-02-05,0.0
2019-02-06,0.000479
2019-02-07,0.000718
2019-02-08,0.000358
2019-02-11,-0.000358
2019-02-12,-0.00012
2019-02-13,-0.000717
2019-02-14,0.001316
2019-02-15,-0.000478
2019-02-19,0.000717
2019-02-20,-0.000179
2019-02-21,-0.000299
2019-02-22,0.000717
2019-02-25,-0.000119
2019-02-26,0.000478
2019-02-27,-0.000239
2019-02-28,-0.000239
2019-03-01,-0.000665
2019-03-04,0.000239
2019-03-05,0.00012
2019-03-06,0.000718
2019-03-07,0.000837
2019-03-08,0.000359
2019-03-11,-0.000239
2019-03-12,0.000358
2019-03-13,0.000119
2019-03-14,0.000239
2019-03-15,0.000358
2019-03-18,-0.000239
2019-03-19,-0.000119
2019-03-20,0.001433
2019-03-21,0.0
2019-03-22,0.001669
2019-03-25,0.001071
2019-03-26,-0.000119
2019-03-27,0.000832
2019-03-28,-0.000119
2019-03-29,-0.000594
2019-04-01,-0.001025
2019-04-02,0.000477
2019-04-03,-0.000477
2019-04-04,0.000238
2019-04-05,-0.000119
2019-04-08,-0.000238
2019-04-09,0.000119
2019-04-10,0.000835
2019-04-11,-0.000596
2019-04-12,-0.000596
2019-04-15,0.000119
2019-04-16,-0.000119
2019-04-17,0.000358
2019-04-18,0.000238
2019-04-22,0.000119
2019-04-23,0.000477
2019-04-24,0.000596
2019-04-25,0.0
2019-04-26,0.001072
2019-04-29,-0.000357
2019-04-30,0.000714
2019-05-01,-0.000876
2019-05-02,-0.000477
2019-05-03,0.000358
2019-05-06,0.000596
2019-05-07,0.000477
2019-05-08,-0.000119
2019-05-09,0.000596
2019-05-10,0.000238
2019-05-13,0.00119
2019-05-14,0.0
2019-05-15,0.000713
2019-05-16,-0.000594
2019-05-17,0.000238
2019-05-20,-0.000475
2019-05-21,-0.000476
2019-05-22,0.000476
2019-05-23,0.001783
2019-05-24,-0.000356
2019-05-28,0.000831
2019-05-29,0.000119
2019-05-30,0.00083
2019-05-31,0.002133
2019-06-03,0.001877
2019-06-04,-0.00071
2019-06-05,0.000473
2019-06-06,-0.000591
2019-06-07,0.001065
2019-06-10,-0.000946
2019-06-11,-0.000355
2019-06-12,0.000829
2019-06-13,0.001065
2019-06-14,-0.000355
2019-06-17,-0.000473
2019-06-18,0.000118
2019-06-19,0.002129
2019-06-20,0.000472
2019-06-21,-0.000472
2019-06-24,0.00059
2019-06-25,0.000236
2019-06-26,-0.001179
2019-06-27,0.000826
2019-06-28,0.0
2019-07-01,-0.000638
2019-07-02,0.000591
2019-07-03,0.000236
2019-07-05,-0.002008
2019-07-08,-0.000474
2019-07-09,-0.000355
2019-07-10,0.001777
2019-07-11,-0.000473
2019-07-12,0.000118
2019-07-15,0.000237
2019-07-16,-0.000355
2019-07-17,0.000947
2019-07-18,0.001182
2019-07-19,-0.001063
2019-07-22,0.000118
2019-07-23,-0.000236
2019-07-24,0.000236
2019-07-25,-0.000591
2019-07-26,0.000118
2019-07-29,0.0
2019-07-30,0.000118
2019-07-31,-0.000118
2019-08-01,0.002838
2019-08-02,0.000236
2019-08-05,0.002008
2019-08-06,0.000471
2019-08-07,0.000118
2019-08-08,-0.000353
2019-08-09,-0.000589
2019-08-12,0.001061
2019-08-13,-0.001178
2019-08-14,0.001238
2019-08-15,0.002179
2019-08-16,-0.000118
2019-08-19,-0.001058
2019-08-20,0.000706
2019-08-21,-0.00094
2019-08-22,-0.000471
2019-08-23,0.001648
2019-08-26,-0.00047
2019-08-27,0.000353
2019-08-28,0.000235
2019-08-29,-0.00047
2019-08-30,0.000353
2019-09-03,0.000778
2019-09-04,0.000824
2019-09-05,-0.002233
2019-09-06,0.000118
2019-09-09,-0.00106
2019-09-10,-0.001651
2019-09-11,0.0
2019-09-12,-0.000236
2019-09-13,-0.001654
2019-09-16,0.000828
2019-09-17,0.000473
2019-09-18,-0.000591
2019-09-19,0.000118
2019-09-20,0.001064
2019-09-23,0.000591
2019-09-24,0.001063
2019-09-25,-0.001297
2019-09-26,0.000472
2019-09-27,0.00059
2019-09-30,0.000472
2019-10-01,0.00112
2019-10-02,0.001062
2019-10-03,0.002121
2019-10-04,-0.000118
2019-10-07,-0.001058
2019-10-08,0.000589
2019-10-09,-0.000588
2019-10-10,-0.001177
2019-10-11,-0.000943
2019-10-14,0.000118
2019-10-15,-0.000236
2019-10-16,0.000472
2019-10-17,0.0
2019-10-18,0.000354
2019-10-21,-0.000472
2019-10-22,0.000354
2019-10-23,-0.000118
2019-10-24,0.0
2019-10-25,-0.000589
2019-10-28,-0.000354
2019-10-29,0.000236
2019-10-30,0.00059
2019-10-31,0.001769
2019-11-01,-0.000594
2019-11-04,-0.000708
2019-11-05,-0.000708
2019-11-06,0.000591
2019-11-07,-0.001181
2019-11-08,0.000118
2019-11-11,0.000236
2019-11-12,0.000118
2019-11-13,0.000473
2019-11-14,0.000945
2019-11-15,-0.000354
2019-11-18,0.000472
2019-11-19,-0.000118
2019-11-20,0.000472
2019-11-21,-0.000472
2019-11-22,-0.000177
2019-11-25,0.000177
2019-11-26,0.000472
2019-11-27,-0.00059
2019-11-29,0.000354
2019-12-02,-0.000305
2019-12-03,0.001418
2019-12-04,-0.000472
2019-12-05,-0.000472
2019-12-06,-0.000354
2019-12-09,0.0
2019-12-10,-0.000473
2019-12-11,0.000828
2019-12-12,-0.000945
2019-12-13,0.001182
2019-12-16,-0.00059
2019-12-17,0.000236
2019-12-18,0.000118
2019-12-19,0.000195
2019-12-20,0.0
2019-12-23,-0.000237
2019-12-24,0.000118
2019-12-26,0.000355
2019-12-27,0.00071
2019-12-30,0.000355
2019-12-31,-0.000118
2020-01-02,0.000473
2020-01-03,0.000827
2020-01-06,-0.000354
2020-01-07,0.0
2020-01-08,-0.000472
2020-01-09,0.000118
2020-01-10,0.000236
2020-01-13,-0.000118
2020-01-14,0.000118
2020-01-15,0.000472
2020-01-16,0.0
2020-01-17,0.000354
2020-01-21,0.000236
2020-01-22,0.000177
2020-01-23,0.000413
2020-01-24,0.000354
2020-01-27,0.00106
2020-01-28,-0.000471
2020-01-29,0.000942
2020-01-30,0.000118
2020-01-31,0.001294
2020-02-03,-0.000295
2020-02-04,-0.001059
2020-02-05,-0.000707
2020-02-06,0.000236
2020-02-07,0.000589
2020-02-10,0.000471
2020-02-11,-0.000471
2020-02-12,-0.000471
2020-02-13,0.000236
2020-02-14,0.000412
2020-02-18,0.000412
2020-02-19,0.000118
2020-02-20,0.000235
2020-02-21,0.000824
2020-02-24,0.001646
2020-02-25,0.001057
2020-02-26,0.000704
2020-02-27,0.001172
2020-02-28,0.003629
2020-03-02,-0.000409
2020-03-03,0.003915
2020-03-04,0.000175
2020-03-05,0.002095
2020-03-06,0.001161
2020-03-09,0.005452
2020-03-10,-0.004384
2020-03-11,-0.001159
2020-03-12,-0.000232
2020-03-13,0.001277
2020-03-16,0.001623
2020-03-17,-0.002314
2020-03-18,-0.001276
2020-03-19,0.001742
2020-03-20,0.002666
2020-03-23,0.001156
2020-03-24,-0.001386
2020-03-25,0.001156
2020-03-26,0.001155
2020-03-27,-0.000231
2020-03-30,0.000462
2020-03-31,-0.000231
2020-04-01,0.000646
2020-04-02,0.000231
2020-04-03,-0.000231
2020-04-06,-0.000693
2020-04-07,-0.000231
2020-04-08,0.000578
2020-04-09,0.000347
2020-04-13,0.000115
2020-04-14,-5.8e-05
2020-04-15,0.000404
2020-04-16,0.000231
2020-04-17,-0.000346
2020-04-20,0.0
2020-04-21,0.000231
2020-04-22,-0.000346
2020-04-23,-0.000115
2020-04-24,0.0
2020-04-27,0.0
2020-04-28,0.000346
2020-04-29,-0.000115
2020-04-30,0.001731
2020-05-01,-0.001471
2020-05-04,0.0
2020-05-05,-0.000115
2020-05-06,0.000347
2020-05-07,0.000693
2020-05-08,-0.000231
2020-05-11,-0.000346
2020-05-12,0.000231
2020-05-13,0.0
2020-05-14,-0.000231
2020-05-15,0.000577
2020-05-18,-0.000808
2020-05-19,0.000577
2020-05-20,0.0
2020-05-21,-0.000231
2020-05-22,0.0
2020-05-26,0.0
2020-05-27,-0.000231
2020-05-28,0.000462
2020-05-29,0.0
2020-06-01,-0.000115
2020-06-02,0.0
2020-06-03,-0.000808
2020-06-04,0.000231
2020-06-05,-0.000347
2020-06-08,-0.000231
2020-06-09,0.000347
2020-06-10,0.000578
2020-06-11,-0.000462
2020-06-12,0.000347
2020-06-15,-0.000231
2020-06-16,-0.000116
2020-06-17,0.000347
2020-06-18,-0.000116
2020-06-19,0.000231
2020-06-22,-0.000231
2020-06-23,0.000231
2020-06-24,0.000116
2020-06-25,0.0
2020-06-26,0.000347
2020-06-29,0.000231
2020-06-30,-0.000115
2020-07-01,-0.000339
2020-07-02,0.000462
2020-07-06,-0.000347
2020-07-07,0.000231
2020-07-08,0.0
2020-07-09,0.000231
2020-07-10,-0.000347
2020-07-13,0.0
2020-07-14,0.000116
2020-07-15,0.000115
2020-07-16,0.0
2020-07-17,0.000231
2020-07-20,-0.000231
2020-07-21,0.000231
2020-07-22,-0.000116
2020-07-23,0.0
2020-07-24,0.000116
2020-07-27,-0.000346
2020-07-28,0.000231
2020-07-29,0.000231
2020-07-30,0.000347
2020-07-31,0.000115
2020-08-03,5e-06
2020-08-04,0.000115
2020-08-05,-0.000231
2020-08-06,0.0
2020-08-07,-0.000116
2020-08-10,-0.000231
2020-08-11,-0.000231
2020-08-12,-0.000231
2020-08-13,-0.000116
2020-08-14,0.000116
2020-08-17,0.000116
2020-08-18,0.000116
2020-08-19,0.0
2020-08-20,0.0
2020-08-21,-0.000116
2020-08-24,-0.000116
2020-08-25,0.000116
2020-08-26,0.0
2020-08-27,-0.000116
2020-08-28,0.000347
2020-08-31,0.000347
2020-09-01,-0.000241
2020-09-02,0.000116
2020-09-03,-0.000116
2020-09-04,-0.000347
2020-09-08,0.000116
2020-09-09,0.000116
2020-09-10,-0.000116
2020-09-11,0.000231
2020-09-14,-0.000116
2020-09-15,5.8e-05
2020-09-16,0.000173
2020-09-17,-0.000231
2020-09-18,0.000116
2020-09-21,-0.000116
2020-09-22,0.000231
2020-09-23,0.0
2020-09-24,-0.000116
2020-09-25,0.000116
2020-09-28,0.000116
2020-09-29,-0.000116
2020-09-30,0.000116
2020-10-01,-0.000231
2020-10-02,0.000116
2020-10-05,-0.000347
2020-10-06,0.0
2020-10-07,-0.000116
2020-10-08,0.0
2020-10-09,0.0
2020-10-12,0.000231
2020-10-13,-0.000116
2020-10-14,0.0
2020-10-15,0.000231
2020-10-16,-0.000116
2020-10-19,0.0
2020-10-20,-0.000116
2020-10-21,0.0
2020-10-22,-0.000347
2020-10-23,0.000116
2020-10-26,0.000116
2020-10-27,0.0
2020-10-28,0.0
2020-10-29,0.000231
2020-10-30,-0.000116
2020-11-02,-1.6e-05
2020-11-03,-0.000231
2020-11-04,0.000232
2020-11-05,-0.000231
2020-11-06,0.000116
2020-11-09,-0.000347
2020-11-10,-0.000116
2020-11-11,-0.000232
2020-11-12,0.000116
2020-11-13,0.0
2020-11-16,0.000232
2020-11-17,-0.000116
2020-11-18,0.0
2020-11-19,0.000232
2020-11-20,0.000116
2020-11-23,0.0
2020-11-24,0.000116
2020-11-25,0.000116
2020-11-27,0.0
2020-11-30,0.000232
2020-12-01,-0.000545
2020-12-02,0.000232
2020-12-03,0.000232
2020-12-04,-0.000116
2020-12-07,0.000232
2020-12-08,-0.000231
2020-12-09,-0.000116
2020-12-10,0.000232
2020-12-11,0.000579
2020-12-14,-0.000116
2020-12-15,0.0
2020-12-16,0.0
2020-12-17,2.3e-05
2020-12-18,-0.000116
2020-12-21,0.0
2020-12-22,0.0
2020-12-23,0.000232
2020-12-24,-0.000231
2020-12-28,0.000116
2020-12-29,0.0
2020-12-30,5.8e-05
2020-12-31,-5.8e-05
2021-01-04,0.000116
2021-01-05,0.0
2021-01-06,-0.000579
2021-01-07,0.000232
2021-01-08,-0.000116
2021-01-11,-0.000116
2021-01-12,0.0
2021-01-13,-0.000116
2021-01-14,0.000116
2021-01-15,0.000116
2021-01-19,0.000347
2021-01-20,-0.000116
2021-01-21,0.000116
2021-01-22,0.0
2021-01-25,0.000116
2021-01-26,-0.000116
2021-01-27,0.0
2021-01-28,-0.000116
2021-01-29,0.000347
2021-02-01,0.000117
2021-02-02,-0.000347
2021-02-03,0.000116
2021-02-04,0.0
2021-02-05,0.000232
2021-02-08,-0.000116
2021-02-09,-0.000232
2021-02-10,0.000116
2021-02-11,0.0
2021-02-12,0.000116
2021-02-16,-0.000347
2021-02-17,0.000232
2021-02-18,0.0
2021-02-19,0.000116
2021-02-22,-0.000232
2021-02-23,0.000116
2021-02-24,-0.00029
2021-02-25,-0.001448
2021-02-26,0.001276
2021-03-01,-9.2e-05
2021-03-02,0.000232
2021-03-03,-0.000579
2021-03-04,0.0
2021-03-05,0.0
2021-03-08,-0.000348
2021-03-09,0.0
2021-03-10,0.000348
2021-03-11,0.0
2021-03-12,-0.000116
2021-03-15,0.000116
2021-03-16,0.0
2021-03-17,0.000232
2021-03-18,-0.000116
2021-03-19,0.0
2021-03-22,-0.000116
2021-03-23,0.000116
2021-03-24,0.000232
2021-03-25,0.000116
2021-03-26,0.0
2021-03-29,-0.000232
2021-03-30,0.0
2021-03-31,-0.000348
2021-04-01,-8e-06
2021-04-05,-0.000232
2021-04-06,0.000232
2021-04-07,0.000116
2021-04-08,0.000348
2021-04-09,-0.000348
2021-04-12,-0.000232
2021-04-13,0.000348
2021-04-14,0.0
2021-04-15,0.000232
2021-04-16,-0.000116
2021-04-19,-0.000116
2021-04-20,0.000232
2021-04-21,0.000232
2021-04-22,-0.000116
2021-04-23,-0.000232
2021-04-26,-0.000232
2021-04-27,-0.000116
2021-04-28,0.000232
2021-04-29,0.000232
2021-04-30,0.000116
2021-05-03,-9e-05
2021-05-04,0.0
2021-05-05,0.000232
2021-05-06,0.0
2021-05-07,0.000348
2021-05-10,-0.000348
2021-05-11,-0.000116
2021-05-12,-0.000116
2021-05-13,0.000232
2021-05-14,0.0
2021-05-17,0.0
2021-05-18,0.000116
2021-05-19,-0.000348
2021-05-20,0.000464
2021-05-21,-0.000232
2021-05-24,0.000232
2021-05-25,0.0
2021-05-26,0.000232
2021-05-27,0.0
2021-05-28,0.0
2021-06-01,-0.000208
2021-06-02,0.000116
2021-06-03,-0.000348
2021-06-04,0.000348
2021-06-07,-0.000116
2021-06-08,0.000232
2021-06-09,-0.000232
2021-06-10,0.000348
2021-06-11,-0.000232
2021-06-14,-0.000348
2021-06-15,-0.000116
2021-06-16,-0.000927
2021-06-17,-5.8e-05
2021-06-18,-0.000754
2021-06-21,0.000232
2021-06-22,0.000581
2021-06-23,-0.000696
2021-06-24,0.000116
2021-06-25,-0.000116
2021-06-28,0.000348
2021-06-29,-0.000116
2021-06-30,0.000232
2021-07-01,-0.000195
2021-07-02,0.000464
2021-07-06,0.000348
2021-07-07,0.000116
2021-07-08,0.000464
2021-07-09,-0.000348
2021-07-12,-0.000232
2021-07-13,-0.000812
2021-07-14,0.000697
2021-07-15,0.000116
2021-07-16,-0.000116
2021-07-19,0.000464
2021-07-20,0.000464
2021-07-21,-0.000348
2021-07-22,0.000116
2021-07-23,0.000116
2021-07-26,-0.000232
2021-07-27,0.000232
2021-07-28,0.000116
2021-07-29,0.0
2021-07-30,0.000174
2021-08-02,0.000434
2021-08-03,0.0
2021-08-04,-0.000348
2021-08-05,-0.000464
2021-08-06,-0.000348
2021-08-09,-0.000348
2021-08-10,-0.000348
2021-08-11,0.000464
2021-08-12,-5.8e-05
2021-08-13,0.000174
2021-08-16,0.000232
2021-08-17,-0.000232
2021-08-18,0.0
2021-08-19,0.0
2021-08-20,0.0
2021-08-23,0.0
2021-08-24,-0.000174
2021-08-25,-5.8e-05
2021-08-26,0.0
2021-08-27,0.000696
2021-08-30,0.000232
2021-08-31,-0.000116
2021-09-01,-8.3e-05
2021-09-02,0.0
2021-09-03,0.0
2021-09-07,-0.000348
2021-09-08,0.000232
2021-09-09,0.000232
2021-09-10,-0.000348
2021-09-13,0.000232
2021-09-14,0.000116
2021-09-15,0.0
2021-09-16,-0.000348
2021-09-17,-0.000232
2021-09-20,0.000232
2021-09-21,0.000232
2021-09-22,-0.00058
2021-09-23,-0.00058
2021-09-24,-0.000348
2021-09-27,-0.000116
2021-09-28,0.000116
2021-09-29,0.000348
2021-09-30,0.000232
2021-10-01,0.000472
2021-10-04,-0.000464
2021-10-05,-0.000116
2021-10-06,-0.000116
2021-10-07,-0.000348
2021-10-08,-0.000348
2021-10-11,-0.000813
2021-10-12,0.000465
2021-10-13,-0.000349
2021-10-14,0.0
2021-10-15,-0.000581
2021-10-18,-0.000698
2021-10-19,0.000349
2021-10-20,0.000349
2021-10-21,-0.001163
2021-10-22,-0.000233
2021-10-25,0.000466
2021-10-26,-0.000233
2021-10-27,-0.000233
2021-10-28,0.000116
2021-10-29,0.000117
2021-11-01,-0.000454
2021-11-02,0.001049
2021-11-03,-0.000233
2021-11-04,0.000932
2021-11-05,0.000465
2021-11-08,-0.001163
2021-11-09,0.000582
2021-11-10,-0.001978
2021-11-11,-0.0007
2021-11-12,0.000817
2021-11-15,-0.000117
2021-11-16,0.0
2021-11-17,0.00035
2021-11-18,-0.000117
2021-11-19,-0.000233
2021-11-22,-0.001166
2021-11-23,0.0
2021-11-24,-0.000233
2021-11-26,0.001985
2021-11-29,0.000466
2021-11-30,-0.000815
2021-12-01,0.000116
2021-12-02,-0.001283
2021-12-03,0.000584
2021-12-06,-0.000817
2021-12-07,-0.001285
2021-12-08,0.000351
2021-12-09,-0.000351
2021-12-10,0.000468
2021-12-13,0.000584
2021-12-14,-0.000584
2021-12-15,0.000351
2021-12-16,0.000795
2021-12-17,-0.000467
2021-12-20,0.000234
2021-12-21,-0.000584
2021-12-22,-0.000117
2021-12-23,-0.000117
2021-12-27,-0.000351
2021-12-28,0.0
2021-12-29,-0.000117
2021-12-30,0.000585
2021-12-31,-0.000117
2022-01-03,-0.001169
2022-01-04,0.000585
2022-01-05,-0.001287
2022-01-06,-0.00082
2022-01-07,-0.000234
2022-01-10,-0.000586
2022-01-11,0.000352
2022-01-12,-0.000352
2022-01-13,0.000469
2022-01-14,-0.00129
2022-01-18,-0.001526
2022-01-19,0.00047
2022-01-20,-0.000235
2022-01-21,0.000823
2022-01-24,0.000587
2022-01-25,-0.00047
2022-01-26,-0.001762
2022-01-27,-0.000824
2022-01-28,0.000353
2022-01-31,0.0
2022-02-01,-7.9e-05
2022-02-02,0.000236
2022-02-03,-0.000824
2022-02-04,-0.002003
2022-02-07,0.000236
2022-02-08,-0.001062
2022-02-09,-0.000118
2022-02-10,-0.005082
2022-02-11,0.003088
2022-02-14,-0.002131
2022-02-15,0.000356
2022-02-16,0.001305
2022-02-17,0.000592
2022-02-18,0.000118
2022-02-22,-0.000947
2022-02-23,-0.000593
2022-02-24,0.00083
2022-02-25,0.0
2022-02-28,0.001777
2022-03-01,0.002311
2022-03-02,-0.003305
2022-03-03,0.0
2022-03-04,0.001066
2022-03-07,-0.001301
2022-03-08,-0.001303
2022-03-09,-0.000593
2022-03-10,-0.000831
2022-03-11,-0.000356
2022-03-14,-0.002614
2022-03-15,0.000357
2022-03-16,-0.000953
2022-03-17,-0.000358
2022-03-18,-0.000239
2022-03-21,-0.003339
2022-03-22,-0.000718
2022-03-23,0.000838
2022-03-24,-0.000299
2022-03-25,-0.002693
2022-03-28,-0.00096
2022-03-29,0.00048
2022-03-30,0.00072
2022-03-31,0.0
2022-04-01,-0.002084
2022-04-04,0.000601
2022-04-05,-0.001803
2022-04-06,0.000723
2022-04-07,0.000722
2022-04-08,-0.001203
2022-04-11,0.000241
2022-04-12,0.002528
2022-04-13,0.00048
2022-04-14,-0.0018
2022-04-18,0.0
2022-04-19,-0.002284
2022-04-20,0.000603
2022-04-21,-0.001686
2022-04-22,-0.000241
2022-04-25,0.001569
2022-04-26,0.001807
2022-04-27,-0.000481
2022-04-28,-0.000722
2022-04-29,-0.001926
2022-05-02,-7.7e-05
2022-05-03,-0.000483
2022-05-04,0.002657
2022-05-05,-0.001686
2022-05-06,-0.000121
2022-05-09,0.002534
2022-05-10,-0.000602
2022-05-11,0.00012
2022-05-12,0.001445
2022-05-13,-0.000361
2022-05-16,0.000601
2022-05-17,-0.002164
2022-05-18,0.000482
2022-05-19,0.001445
2022-05-20,0.000721
2022-05-23,-0.000481
2022-05-24,0.002284
2022-05-25,0.00072
2022-05-26,0.00024
2022-05-27,0.00024
2022-05-31,-0.001557
2022-06-01,-0.001863
2022-06-02,0.000241
2022-06-03,-0.000361
2022-06-06,-0.001323
2022-06-07,0.00012
2022-06-08,-0.000723
2022-06-09,-0.000723
2022-06-10,-0.004222
2022-06-13,-0.005088
2022-06-14,-0.001948
2022-06-15,0.003904
2022-06-16,0.001337
2022-06-17,-0.000243
2022-06-21,-0.000364
2022-06-22,0.002914
2022-06-23,0.000848
2022-06-24,-0.000242
2022-06-27,-0.001089
2022-06-28,-0.000242
2022-06-29,0.001212
2022-06-30,0.001936
2022-07-01,0.003008
2022-07-05,-0.000121
2022-07-06,-0.002773
2022-07-07,-0.000725
2022-07-08,-0.00121
2022-07-11,0.000363
2022-07-12,0.000484
2022-07-13,-0.001089
2022-07-14,-0.000363
2022-07-15,0.000727
2022-07-18,-0.000606
2022-07-19,-0.001091
2022-07-20,-0.000121
2022-07-21,0.002791
2022-07-22,0.002541
2022-07-25,-0.000845
2022-07-26,-0.000483
2022-07-27,0.001571
2022-07-28,0.002172
2022-07-29,-0.00012
2022-08-01,-2.1e-05
2022-08-02,-0.003496
2022-08-03,0.000363
2022-08-04,0.00133
2022-08-05,-0.004106
2022-08-08,0.00097
2022-08-09,-0.000969
2022-08-10,0.00097
2022-08-11,-0.000363
2022-08-12,0.000242
2022-08-15,0.000848
2022-08-16,-0.000847
2022-08-17,-0.000848
2022-08-18,0.001455
2022-08-19,-0.000726
2022-08-22,-0.001333
2022-08-23,0.000485
2022-08-24,-0.001091
2022-08-25,0.000607
2022-08-26,-0.000243
2022-08-29,-0.000728
2022-08-30,-0.000486
2022-08-31,-0.000122
2022-09-01,-0.000723
2022-09-02,0.002192
2022-09-06,-0.002187
2022-09-07,0.001461
2022-09-08,-0.001216
2022-09-09,-0.000852
2022-09-12,-0.000122
2022-09-13,-0.003412
2022-09-14,-0.000856
2022-09-15,-0.001101
2022-09-16,0.00049
2022-09-19,-0.001102
2022-09-20,-0.00049
2022-09-21,-0.000858
2022-09-22,-0.001841
2022-09-23,-0.00123
2022-09-26,-0.002216
2022-09-27,0.0
2022-09-28,0.004319
2022-09-29,-0.001352
2022-09-30,-0.000861
2022-10-03,0.002192
2022-10-04,0.000369
2022-10-05,-0.000984
2022-10-06,-0.001231
2022-10-07,-0.001233
2022-10-10,-0.00037
2022-10-11,0.000494
2022-10-12,0.000987
2022-10-13,-0.002959
2022-10-14,-0.000495
2022-10-17,0.001113
2022-10-18,0.000494
2022-10-19,-0.001853
2022-10-20,-0.001114
2022-10-21,0.002601
2022-10-24,-0.000247
2022-10-25,0.000989
2022-10-26,0.000864
2022-10-27,0.002097
2022-10-28,-0.001477
2022-10-31,-0.001479
2022-11-01,-0.000979
2022-11-02,-0.000495
2022-11-03,-0.001858
2022-11-04,0.001117
2022-11-07,-0.000868
2022-11-08,0.000992
2022-11-09,0.001611
2022-11-10,0.005444
2022-11-11,-0.000246
2022-11-14,-0.000862
2022-11-15,0.000986
2022-11-16,0.000123
2022-11-17,-0.001231
2022-11-18,-0.001109
2022-11-21,-0.000247
2022-11-22,0.00074
2022-11-23,0.000863
2022-11-25,0.000123
2022-11-28,0.000246
2022-11-29,-0.000369
2022-11-30,0.002956
2022-12-01,0.002155
2022-12-02,-0.000246
2022-12-05,-0.002825
2022-12-06,0.001109
2022-12-07,0.002092
2022-12-08,-0.000982
2022-12-09,-0.000492
2022-12-12,-0.000615
2022-12-13,0.002953
2022-12-14,0.000123
2022-12-15,0.000131
2022-12-16,0.000983
2022-12-19,-0.001228
2022-12-20,0.0
2022-12-21,0.000984
2022-12-22,-0.000614
2022-12-23,-0.000492
2022-12-27,-0.001353
2022-12-28,0.0
2022-12-29,0.000739
2022-12-30,-0.00123
2023-01-03,0.000862
2023-01-04,0.000985
2023-01-05,-0.001353
2023-01-06,0.003817
2023-01-09,0.000981
2023-01-10,-0.000858
2023-01-11,0.000859
2023-01-12,0.002206
2023-01-13,-0.001712
2023-01-17,0.000612
2023-01-18,0.002203
2023-01-19,-0.000244
2023-01-20,-0.000855
2023-01-23,-0.000978
2023-01-24,0.000367
2023-01-25,0.000612
2023-01-26,-0.000611
2023-01-27,0.0
2023-01-30,-0.000979
2023-01-31,0.001837
2023-02-01,0.001741
2023-02-02,0.000122
2023-02-03,-0.003668
2023-02-06,-0.002822
2023-02-07,0.000492
2023-02-08,0.000369
2023-02-09,-0.000738
2023-02-10,-0.000492
2023-02-13,0.000246
2023-02-14,-0.002092
2023-02-15,0.000123
2023-02-16,0.000123
2023-02-17,0.000863
2023-02-21,-0.001971
2023-02-22,0.000494
2023-02-23,0.000617
2023-02-24,-0.002096
2023-02-27,0.000865
2023-02-28,-0.000247
2023-03-01,-0.001824
2023-03-02,0.000372
2023-03-03,0.00062
2023-03-06,-0.000495
2023-03-07,-0.002106
2023-03-08,-0.000497
2023-03-09,0.003229
2023-03-10,0.005448
2023-03-13,0.009974
2023-03-14,-0.00378
2023-03-15,0.005874
2023-03-16,-0.004015
2023-03-17,0.005009
2023-03-20,-0.001215
2023-03-21,-0.003773
2023-03-22,0.004642
2023-03-23,0.002918
2023-03-24,0.000485
2023-03-27,-0.004241
2023-03-28,-0.001095
2023-03-29,-0.000365
2023-03-30,0.000122
2023-03-31,0.001219
2023-04-03,0.001219
2023-04-04,0.002315
2023-04-05,0.001337
2023-04-06,-0.000364
2023-04-10,-0.003522
2023-04-11,-0.000122
2023-04-12,0.001097
2023-04-13,0.000609
2023-04-14,-0.002312
2023-04-17,-0.001463
2023-04-18,-0.000244
2023-04-19,-0.000855
2023-04-20,0.002445
2023-04-21,-0.00061
2023-04-24,0.001098
2023-04-25,0.003901
2023-04-26,-0.001214
2023-04-27,-0.001945
2023-04-28,0.001096
2023-05-01,-0.002176
2023-05-02,0.0033
2023-05-03,0.002437
2023-05-04,0.00158
2023-05-05,-0.002427
2023-05-08,-0.001581
2023-05-09,-0.000244
2023-05-10,0.002437
2023-05-11,0.000608
2023-05-12,-0.001701
2023-05-15,0.000122
2023-05-16,-0.001217
2023-05-17,-0.001097
2023-05-18,-0.00183
2023-05-19,-0.000733
2023-05-22,-0.000367
2023-05-23,-0.000122
2023-05-24,-0.001223
2023-05-25,-0.002205
2023-05-26,-0.000245
2023-05-30,0.001965
2023-05-31,0.00098
2023-06-01,0.001555
2023-06-02,-0.002818
2023-06-05,0.000246
2023-06-06,-0.000491
2023-06-07,-0.000737
2023-06-08,0.001599
2023-06-09,-0.001842
2023-06-12,0.000861
2023-06-13,-0.001844
2023-06-14,-0.000616
2023-06-15,0.002095
2023-06-16,-0.001353
2023-06-20,0.000369
2023-06-21,0.0
2023-06-22,-0.001108
2023-06-23,0.000863
2023-06-26,0.000739
2023-06-27,-0.001476
2023-06-28,0.001109
2023-06-29,-0.002462
2023-06-30,0.00037
2023-07-03,-0.001159
2023-07-05,-0.000248
2023-07-06,-0.000619
2023-07-07,0.001115
2023-07-10,0.001485
2023-07-11,-0.000124
2023-07-12,0.002966
2023-07-13,0.002834
2023-07-14,-0.00258
2023-07-17,0.00037
2023-07-18,0.0
2023-07-19,0.00037
2023-07-20,-0.001231
2023-07-21,0.000123
2023-07-24,-0.001232
2023-07-25,-0.000123
2023-07-26,0.000987
2023-07-27,-0.00148
2023-07-28,0.001358
2023-07-31,0.000247
2023-08-01,-0.00084
2023-08-02,0.000495
2023-08-03,0.000371
2023-08-04,0.001977
2023-08-07,0.00037
2023-08-08,0.000493
2023-08-09,-0.000616
2023-08-10,-0.000493
2023-08-11,-0.000987
2023-08-14,-0.000865
2023-08-15,0.000371
2023-08-16,-0.000494
2023-08-17,0.001113
2023-08-18,0.00037
2023-08-21,-0.001111
2023-08-22,-0.000494
2023-08-23,0.001855
2023-08-24,-0.000617
2023-08-25,-0.000617
2023-08-28,0.000618
2023-08-29,0.002223
2023-08-30,0.0
2023-08-31,0.000986
2023-09-01,-0.000544
2023-09-05,-0.001235
2023-09-06,-0.001113
2023-09-07,0.001856
2023-09-08,-0.000494
2023-09-11,0.000247
2023-09-12,-0.000494
2023-09-13,0.000865
2023-09-14,-0.000247
2023-09-15,-0.000494
2023-09-18,-0.000124
2023-09-19,-0.000742
2023-09-20,-0.000619
2023-09-21,0.000495
2023-09-22,0.00099
2023-09-25,-0.000371
2023-09-26,0.000124
2023-09-27,-0.000742
2023-09-28,0.001732
2023-09-29,0.000124
2023-10-02,-0.001
2023-10-03,-0.000744
2023-10-04,0.002233
2023-10-05,0.00099
2023-10-06,-0.000865
2023-10-09,0.00297
2023-10-10,-0.000617
2023-10-11,-0.000247
2023-10-12,-0.001235
2023-10-13,0.000618
2023-10-16,-0.000618
2023-10-17,-0.002226
2023-10-18,0.0
2023-10-19,0.001363
2023-10-20,0.001609
2023-10-23,0.000618
2023-10-24,-0.000247
2023-10-25,-0.001112
2023-10-26,0.001978
2023-10-27,0.000617
2023-10-30,-0.00037
2023-10-31,-0.00037
2023-11-01,0.002226
2023-11-02,0.000123
2023-11-03,0.002716
2023-11-06,-0.001847
2023-11-07,0.00074
2023-11-08,-0.000247
2023-11-09,-0.00148
2023-11-10,0.000247
2023-11-13,0.00037
2023-11-14,0.003949
2023-11-15,-0.001844
2023-11-16,0.001724
2023-11-17,-0.000738
2023-11-20,0.000123
2023-11-21,0.000615
2023-11-22,0.000123
2023-11-24,-0.000738
2023-11-27,0.00123
2023-11-28,0.001843
2023-11-29,0.001962
2023-11-30,-0.000612
2023-12-01,0.002902
2023-12-04,-0.00147
2023-12-05,0.001227
2023-12-06,-0.000245
2023-12-07,0.000735
2023-12-08,-0.002204
2023-12-11,0.000245
2023-12-12,0.000123
2023-12-13,0.00503
2023-12-14,0.001706
2023-12-15,-0.0011
2023-12-18,-0.000122
2023-12-19,0.000367
2023-12-20,0.001346
2023-12-21,0.000978
2023-12-22,0.000366
2023-12-26,-0.000488
2023-12-27,0.001221
2023-12-28,-0.000122
2023-12-29,0.000488
2024-01-02,-0.001219
2024-01-03,0.000244
2024-01-04,-0.00061
2024-01-05,-0.000244
2024-01-08,0.000855
2024-01-09,0.000244
2024-01-10,0.0
2024-01-11,0.002318
2024-01-12,0.002069
2024-01-16,-0.001579
2024-01-17,-0.001946
2024-01-18,0.000487
2024-01-19,-0.000731
2024-01-22,0.000488
2024-01-23,-0.000122
2024-01-24,-0.000487
2024-01-25,0.001829
2024-01-26,-0.000608
2024-01-29,0.000974
2024-01-30,-0.000608
2024-01-31,0.001826
2024-02-01,0.001484
2024-02-02,-0.003164
2024-02-05,-0.001953
2024-02-06,0.00159
2024-02-07,-0.000366
2024-02-08,-0.000244
2024-02-09,-0.000367
2024-02-12,0.000122
2024-02-13,-0.003178
2024-02-14,0.001471
2024-02-15,0.000979
2024-02-16,-0.001223
2024-02-20,0.000612
2024-02-21,-0.000857
2024-02-22,-0.000123
2024-02-23,0.00049
2024-02-26,-0.000735
2024-02-27,0.0
2024-02-28,0.00098
2024-02-29,0.000612
2024-03-01,0.001963
2024-03-04,-0.00098
2024-03-05,0.000735
2024-03-06,0.000245
2024-03-07,0.001225
2024-03-08,0.000489
2024-03-11,-0.000856
2024-03-12,-0.000979
2024-03-13,-0.00049
2024-03-14,-0.000858
2024-03-15,-0.000613
2024-03-18,0.000123
2024-03-19,0.000859
2024-03-20,0.001594
2024-03-21,0.0
2024-03-22,0.000734
2024-03-25,-0.000489
2024-03-26,0.000245
2024-03-27,0.001101
2024-03-28,-0.000611
2024-04-01,-0.002073
2024-04-02,0.000492
2024-04-03,0.000737
2024-04-04,0.000982
2024-04-05,-0.001595
2024-04-08,-0.000983
2024-04-09,0.000984
2024-04-10,-0.004055
2024-04-11,0.001234
2024-04-12,0.000616
2024-04-15,-0.000369
2024-04-16,-0.000616
2024-04-17,0.00074
2024-04-18,-0.000493
2024-04-19,0.000246
2024-04-22,0.000493
2024-04-23,0.000862
2024-04-24,-0.000369
2024-04-25,-0.000738
2024-04-26,0.000246
2024-04-29,0.000493
2024-04-30,-0.001231
2024-05-01,0.001992
2024-05-02,0.001481
2024-05-03,0.001602
2024-05-06,-0.000123
2024-05-07,0.000123
2024-05-08,-0.000246
2024-05-09,0.000861
2024-05-10,-0.00086
2024-05-13,0.000246
2024-05-14,0.000984
2024-05-15,0.001843
2024-05-16,-0.000736
2024-05-17,-0.000614
2024-05-20,-0.000246
2024-05-21,0.000491
2024-05-22,-0.000737
2024-05-23,-0.000492
2024-05-24,0.000369
2024-05-28,-0.00086
2024-05-29,-0.000369
2024-05-30,0.001107
2024-05-31,0.001352
2024-06-03,0.001131
2024-06-04,0.000984
2024-06-05,0.000983
2024-06-06,0.000123
2024-06-07,-0.002578
2024-06-10,0.000123
2024-06-11,0.001107
2024-06-12,0.001352
2024-06-13,0.001596
2024-06-14,0.000123
2024-06-17,-0.00098
2024-06-18,0.001349
2024-06-20,-0.000367
2024-06-21,0.000368
2024-06-24,0.000123
2024-06-25,0.000123
2024-06-26,-0.00098
2024-06-27,0.000735
2024-06-28,0.000123
2024-07-01,-0.000853
2024-07-02,0.000861
2024-07-03,0.001475
2024-07-05,0.001841
2024-07-08,-0.000123
2024-07-09,-0.000245
2024-07-10,0.000368
2024-07-11,0.002327
2024-07-12,0.001466
2024-07-15,0.0
2024-07-16,0.000366
2024-07-17,0.000122
2024-07-18,-0.000488
2024-07-19,-0.000488
2024-07-22,0.000122
2024-07-23,0.000488
2024-07-24,0.000488
2024-07-25,0.000122
2024-07-26,0.001341
2024-07-29,0.000122
2024-07-30,0.000365
2024-07-31,0.002069
2024-08-01,0.00173
2024-08-02,0.005595
2024-08-05,-0.000242
2024-08-06,-0.00121
2024-08-07,-0.000606
2024-08-08,-0.000485
2024-08-09,0.000243
2024-08-12,0.000606
2024-08-13,0.001575
2024-08-14,-0.000121
2024-08-15,-0.00242
2024-08-16,0.001092
2024-08-19,-0.000242
2024-08-20,0.001454
2024-08-21,0.001089
2024-08-22,-0.00133
2024-08-23,0.0023
2024-08-26,-0.000483
2024-08-27,0.000604
2024-08-28,-0.000121
2024-08-29,-0.000181
2024-08-30,6e-05
2024-09-03,0.001066
2024-09-04,0.002179
2024-09-05,0.000362
2024-09-06,0.001811
2024-09-09,0.000121
2024-09-10,0.001446
2024-09-11,-0.000842
2024-09-12,6e-05
2024-09-13,0.001506
2024-09-16,0.000601
2024-09-17,-0.000721
2024-09-18,-0.000361
2024-09-19,0.000842
2024-09-20,0.000361
2024-09-23,0.0
2024-09-24,0.000961
2024-09-25,-0.00084
2024-09-26,-0.000961
2024-09-27,0.001564
2024-09-30,-0.001441
2024-10-01,0.000638
2024-10-02,-0.000241
2024-10-03,-0.001327
2024-10-04,-0.003382
2024-10-07,-0.001333
2024-10-08,0.000849
2024-10-09,-0.00097
2024-10-10,0.00085
2024-10-11,0.000849
2024-10-14,-0.000485
2024-10-15,0.000485
2024-10-16,0.000606
2024-10-17,-0.000848
2024-10-18,0.000848
2024-10-21,-0.001453
2024-10-22,-0.000121
2024-10-23,-0.000606
2024-10-24,0.000485
2024-10-25,-0.000364
2024-10-28,-0.000485
2024-10-29,0.000364
2024-10-30,-0.00085
2024-10-31,0.000243
2024-11-01,-0.000326
2024-11-04,0.000731
2024-11-05,-0.000244
2024-11-06,-0.001218
2024-11-07,0.001708
2024-11-08,-0.000731
2024-11-11,-0.000731
2024-11-12,-0.000976
2024-11-13,0.001465
2024-11-14,-0.001463
2024-11-15,0.001098
2024-11-18,0.000732
2024-11-19,0.0
2024-11-20,-0.000487
2024-11-21,-0.000244
2024-11-22,-0.000122
2024-11-25,0.001951
2024-11-26,0.0
2024-11-27,0.000609
2024-11-29,0.001216
2024-12-02,-5.7e-05
2024-12-03,0.000122
2024-12-04,0.001097
2024-12-05,0.0
2024-12-06,0.000974
2024-12-09,-0.000365
2024-12-10,-0.000122
2024-12-11,-0.000243
2024-12-12,-0.000487
2024-12-13,-0.000487
2024-12-16,0.000122
2024-12-17,0.000122
2024-12-18,-0.001822
2024-12-19,0.001102
2024-12-20,0.000122
2024-12-23,-0.000611
2024-12-24,0.000489
2024-12-26,0.000245
2024-12-27,0.000244
2024-12-30,0.001467
2024-12-31,0.00061
