date,XLE,SPY
2010-06-22,-0.0145975,-0.008258
2010-06-23,-0.0038055,-0.0015515
2010-06-24,-0.010475000000000002,-0.0082855
2010-06-25,0.001433,0.002083
2010-06-28,-0.006763,-0.0015644999999999997
2010-06-29,-0.016512,-0.0154375
2010-06-30,-0.0038945000000000004,-0.00475
2010-07-01,-0.0018115,-0.002228
2010-07-02,-0.001212,-0.002725
2010-07-06,0.0048605,0.0032780000000000005
2010-07-07,0.0176495,0.015736
2010-07-08,0.007070999999999999,0.0049595
2010-07-09,0.002579,0.0037325
2010-07-12,-0.0013305,0.00032399999999999996
2010-07-13,0.006002499999999999,0.007544
2010-07-14,-0.00113,-4.1e-05
2010-07-15,-0.001131,0.000132
2010-07-16,-0.023778,-0.013767499999999998
2010-07-19,0.006379,0.0029535
2010-07-20,0.022858,0.005546
2010-07-21,-0.016338,-0.006499
2010-07-22,0.022146,0.0111655
2010-07-23,0.004483,0.004335
2010-07-26,0.008739,0.005208000000000001
2010-07-27,-0.004793,-4.5e-05
2010-07-28,-0.002223,-0.0032275
2010-07-29,0.001485,-0.002436
2010-07-30,-0.002039,-9.05e-05
2010-08-02,0.034918,0.011290500000000002
2010-08-03,-0.000359,-0.0023945
2010-08-04,0.00772,0.0033415
2010-08-05,0.003207,-0.000531
2010-08-06,-0.011899,-0.002029
2010-08-09,0.004134,0.0026689999999999995
2010-08-10,-0.008233,-0.005460999999999999
2010-08-11,-0.029778,-0.027363999999999996
2010-08-12,-0.005952,-0.003065
2010-08-13,-0.001684,-0.001473
2010-08-16,-0.000187,-0.00023099999999999998
2010-08-17,0.016685,0.0061425
2010-08-18,-0.009589,0.0009125
2010-08-19,-0.016198,-0.017397
2010-08-20,-0.012301,-0.0016219999999999997
2010-08-23,0.000383,-0.0018894999999999997
2010-08-24,-0.015514000000000002,-0.014876
2010-08-25,-0.0031129999999999994,0.0019425
2010-08-26,-0.008977,-0.006701999999999999
2010-08-27,0.025995,0.015489999999999999
2010-08-30,-0.014587,-0.014496
2010-08-31,-0.002727,-4.5e-06
2010-09-01,0.037305,0.029912
2010-09-02,0.008285,0.004656
2010-09-03,0.012138,0.006486
2010-09-07,-0.014945,-0.0056359999999999995
2010-09-08,0.008616,0.0035114999999999994
2010-09-09,0.002043,0.0023095
2010-09-10,0.010378,0.0025335
2010-09-13,0.00807,0.0055525
2010-09-14,-0.003457,-0.000621
2010-09-15,-0.002008,0.0038169999999999996
2010-09-16,-0.004574,-0.000265
2010-09-17,-0.004977,0.000373
2010-09-20,0.016886,0.01529
2010-09-21,0.00073,-0.002014
2010-09-22,-0.007294,-0.004913
2010-09-23,-0.006245,-0.008129
2010-09-24,0.021627,0.020640000000000002
2010-09-27,-0.0038,-0.00479
2010-09-28,0.007083000000000001,0.0035000000000000005
2010-09-29,0.01064,-0.0017439999999999999
2010-09-30,0.000357,-0.00297
2010-10-01,0.013379,0.004206
2010-10-04,-0.012498,-0.007504
2010-10-05,0.023529,0.020131999999999997
2010-10-06,0.008882,-8.6e-05
2010-10-07,-0.005006,-0.001207
2010-10-08,0.012491,0.005587
2010-10-11,0.002742,0.000965
2010-10-12,-0.0015380000000000003,0.003086
2010-10-13,0.012151,0.007777000000000001
2010-10-14,-0.001522,-0.003901
2010-10-15,0.00271,0.002043
2010-10-18,0.002702,0.004928
2010-10-19,-0.019875,-0.013105
2010-10-20,0.012889,0.009766
2010-10-21,-0.000509,0.002206
2010-10-22,0.00662,0.001837
2010-10-25,0.002698,0.002983
2010-10-26,0.002018,0.000169
2010-10-27,-0.004196,-0.002864
2010-10-28,-0.002191,0.000169
2010-10-29,0.000676,0.0007599999999999999
2010-11-01,0.001182,0.000338
2010-11-02,0.011002000000000001,0.007973
2010-11-03,0.002126,0.003976
2010-11-04,0.031786,0.019258
2010-11-05,0.005,0.0038029999999999995
2010-11-08,0.003049,-0.001915
2010-11-09,-0.00192,-0.007184
2010-11-10,0.012865,0.004029
2010-11-11,0.01104,-0.003808
2010-11-12,-0.014715,-0.011814
2010-11-15,-0.005084,-0.0013979999999999997
2010-11-16,-0.018684,-0.015579
2010-11-17,0.004068,0.000491
2010-11-18,0.022041999999999996,0.014714
2010-11-19,0.008405,0.002772
2010-11-22,-0.003114,-0.000831
2010-11-23,-0.019561,-0.014498
2010-11-24,0.018028,0.014796
2010-11-26,-0.012051,-0.011646999999999998
2010-11-29,0.006719,0.003047
2010-11-30,-0.0034960000000000004,-0.005618
2010-12-01,0.02966,0.021246
2010-12-02,0.014868,0.012809
2010-12-03,0.004425,0.0026929999999999996
2010-12-06,0.003342,-0.001058
2010-12-07,-0.003786,0.00057
2010-12-08,-0.004712,0.003664
2010-12-09,0.002291,0.003894
2010-12-10,0.004114,0.005818
2010-12-13,0.008498,0.0006429999999999999
2010-12-14,-0.004664,0.000883
2010-12-15,-0.005442,-0.004588
2010-12-16,0.0056240000000000005,0.005818
2010-12-17,0.000346,0.001064
2010-12-20,0.006526,0.002413
2010-12-21,0.010103,0.00634
2010-12-22,0.003433,0.00311
2010-12-23,0.002827,-0.001431
2010-12-27,-0.00356,0.000398
2010-12-28,0.0037220000000000005,0.001433
2010-12-29,0.009938,0.000715
2010-12-30,0.000881,-0.001588
2010-12-31,0.001467,0.000239
2011-01-03,0.007473,0.010338
2011-01-04,-0.008581,-0.000551
2011-01-05,0.003961,0.005198
2011-01-06,-0.009497,-0.001959
2011-01-07,0.007228,-0.001962
2011-01-10,-0.003954,-0.001258
2011-01-11,0.016615,0.003544
2011-01-12,0.01374,0.009025
2011-01-13,-0.002782,-0.001633
2011-01-14,0.010802,0.007244999999999999
2011-01-18,0.006228,0.001701
2011-01-19,-0.012097,-0.009805
2011-01-20,-0.0071189999999999995,-0.001326
2011-01-21,0.005306,0.002264
2011-01-24,0.003709,0.005687
2011-01-25,-0.002878,0.000542
2011-01-26,0.023982,0.003871
2011-01-27,-0.0058460000000000005,0.002468
2011-01-28,-0.00434,-0.017463
2011-01-31,0.028688,0.007516
2011-02-01,0.016268,0.016009
2011-02-02,-0.000807,-0.0019499999999999997
2011-02-03,0.000539,0.002261
2011-02-04,-0.002557,0.002829
2011-02-07,0.005801,0.006252
2011-02-08,-0.003386,0.004547
2011-02-09,-0.012617,-0.002271
2011-02-10,0.010222,0.000393
2011-02-11,-0.000135,0.005963
2011-02-14,0.021994,0.002404
2011-02-15,-0.01043,-0.003148
2011-02-16,0.013342,0.006315
2011-02-17,0.009875,0.002988
2011-02-18,0.004172,0.002086
2011-02-22,-0.009738,-0.02007
2011-02-23,0.020323,-0.006144
2011-02-24,-0.014135,-0.000687
2011-02-25,0.015902,0.010693
2011-02-28,0.007698,0.006197
2011-03-01,-0.018717,-0.016673
2011-03-02,0.005709,0.002139
2011-03-03,0.017159,0.017224
2011-03-04,-0.006342000000000001,-0.007492000000000001
2011-03-07,-0.007021,-0.007851
2011-03-08,-0.008227,0.00875
2011-03-09,-0.006883,-0.001433
2011-03-10,-0.036401,-0.018525
2011-03-11,0.017337,0.006946
2011-03-14,0.005459,-0.006038
2011-03-15,-0.007548,-0.011457
2011-03-16,-0.016011,-0.018552
2011-03-17,0.030508999999999998,0.013275000000000002
2011-03-18,-0.004672,0.003624
2011-03-21,0.030375,0.015498000000000001
2011-03-22,-0.002188,-0.003469
2011-03-23,0.0025800000000000003,0.002862
2011-03-24,0.0036030000000000003,0.009563
2011-03-25,0.008976,0.0030560000000000006
2011-03-28,-0.002415,-0.002437
2011-03-29,0.012229,0.006719
2011-03-30,0.006922,0.006901000000000001
2011-03-31,-0.0032500000000000003,-0.001356
2011-04-01,0.003009,0.004224
2011-04-04,0.000625,0.000826
2011-04-05,0.0029979999999999994,-0.00015
2011-04-06,-0.010463,0.003152
2011-04-07,0.0,-0.0025439999999999994
2011-04-08,0.003525,-0.00345
2011-04-11,-0.019725,-0.003011
2011-04-12,-0.030935,-0.007474
2011-04-13,0.004093,-7.6e-05
2011-04-14,0.006838,0.000761
2011-04-15,0.008229,0.003648
2011-04-18,-0.014898,-0.011209
2011-04-19,0.010126,0.005744
2011-04-20,0.023565,0.013632
2011-04-21,0.004579,0.005109
2011-04-25,-0.005191,-0.001046
2011-04-26,0.009927,0.008613
2011-04-27,-0.000504,0.006521
2011-04-28,-0.000126,0.003243
2011-04-29,0.014868,0.002351
2011-05-02,-0.013283,-0.001539
2011-05-03,-0.02506,-0.0035970000000000004
2011-05-04,-0.017696,-0.006631000000000001
2011-05-05,-0.020776,-0.009048
2011-05-06,0.004431,0.004416
2011-05-09,0.017513,0.003875
2011-05-10,0.00473,0.008536
2011-05-11,-0.028899999999999995,-0.010525
2011-05-12,-0.001481,0.00476
2011-05-13,-0.004855,-0.007699
2011-05-16,-0.007589,-0.006341
2011-05-17,0.0,-0.00015
2011-05-18,0.02021,0.008936
2011-05-19,0.000134,0.002382
2011-05-20,-0.001205,-0.007945
2011-05-23,-0.015543,-0.011600999999999998
2011-05-24,0.014156,-0.000833
2011-05-25,0.01691,0.0033349999999999994
2011-05-26,0.005015,0.004608
2011-05-27,0.002495,0.003835
2011-05-31,0.010087000000000002,0.010410999999999998
2011-06-01,-0.023862,-0.022461
2011-06-02,-0.000399,-0.001062
2011-06-03,0.000266,-0.009945
2011-06-06,-0.022588,-0.010543
2011-06-07,0.0,-0.000659
2011-06-08,0.002991,-0.004187
2011-06-09,0.013554,0.007631
2011-06-10,-0.01939,-0.01391
2011-06-13,-0.015819,0.000784
2011-06-14,0.021339,0.012686
2011-06-15,-0.022928,-0.017785
2011-06-16,0.001527,0.002204
2011-06-17,-0.0025010000000000006,0.002966
2011-06-20,0.00272,0.005115999999999999
2011-06-21,0.019894,0.013704
2011-06-22,-0.002865,-0.006025
2011-06-23,-0.010944,-0.002868
2011-06-24,-0.018949,-0.011621
2011-06-27,0.005357,0.008911
2011-06-28,0.029168,0.013053000000000002
2011-06-29,0.011718,0.008564
2011-06-30,0.014815,0.009562
2011-07-01,0.009423,0.014776000000000001
2011-07-05,0.0061790000000000005,-0.0008210000000000001
2011-07-06,-0.001829,0.001196
2011-07-07,0.015054000000000001,0.010376000000000002
2011-07-08,-0.008383,-0.007092
2011-07-11,-0.023735,-0.01808
2011-07-12,-0.003664,-0.004319
2011-07-13,0.007488,0.0033489999999999995
2011-07-14,-0.006636,-0.006902
2011-07-15,0.026854,0.005805
2011-07-18,-0.0033829999999999997,-0.008201
2011-07-19,0.018212,0.016232
2011-07-20,-0.0025,-0.000603
2011-07-21,0.019666,0.013871
2011-07-22,0.005042,0.000669
2011-07-25,-0.004014,-0.005573
2011-07-26,-0.004785,-0.0037360000000000006
2011-07-27,-0.018917,-0.020476
2011-07-28,-0.004063,-0.00291
2011-07-29,-0.009972,-0.006835
2011-08-01,-0.001439,-0.004253
2011-08-02,-0.027836,-0.025548
2011-08-03,-0.005793999999999999,0.005419
2011-08-04,-0.06851,-0.04684200000000001
2011-08-05,-0.0048015,-0.0007485
2011-08-08,-0.04253,-0.0325615
2011-08-09,0.0254495,0.0232495
2011-08-10,-0.017265,-0.022089000000000004
2011-08-11,0.025953500000000004,0.022442000000000004
2011-08-12,0.003686,0.0033665
2011-08-15,0.016876,0.0105825
2011-08-16,-0.008307,-0.0042695
2011-08-17,0.001983,0.0003345
2011-08-18,-0.028973,-0.0215595
2011-08-19,-0.0088535,-0.0081655
2011-08-22,-0.0040325,0.0003995
2011-08-23,0.022557,0.0164555
2011-08-24,0.0029744999999999997,0.0070425
2011-08-25,-0.010546,-0.007622
2011-08-26,0.009689,0.007267
2011-08-29,0.0145875,0.014368
2011-08-30,0.002953,0.0013185
2011-08-31,0.003743,0.002219
2011-09-01,-0.003788,-0.0052365
2011-09-02,-0.027892,-0.012775000000000002
2011-09-06,-0.0054365,-0.0036485000000000003
2011-09-07,0.036641,0.014104
2011-09-08,-0.0058175,-0.005196000000000001
2011-09-09,-0.01654,-0.013105
2011-09-12,0.00235,0.003235
2011-09-13,0.001419,0.0045855
2011-09-14,0.012389,0.006922
2011-09-15,0.019867,0.0086285
2011-09-16,-0.00223,0.002948
2011-09-19,-0.0158,-0.0049825
2011-09-20,-0.006209,-0.000582
2011-09-21,-0.041603,-0.014729
2011-09-22,-0.028224,-0.016162
2011-09-23,-0.0053925,0.0030125
2011-09-26,0.0182285,0.011890000000000001
2011-09-27,0.007314499999999999,0.005591999999999999
2011-09-28,-0.0163615,-0.010188
2011-09-29,0.004773,0.00393
2011-09-30,-0.0146815,-0.012494499999999999
2011-10-03,-0.0170055,-0.014229
2011-10-04,0.016366,0.010961500000000002
2011-10-05,0.018417,0.0092575
2011-10-06,0.0094185,0.0090455
2011-10-07,-0.006162999999999999,-0.003348
2011-10-10,0.02266,0.016723
2011-10-11,0.001021,0.0005015
2011-10-12,0.0026649999999999994,0.004386
2011-10-13,-0.0007015000000000001,-0.000994
2011-10-14,0.0199875,0.008547
2011-10-17,-0.009084,-0.0095455
2011-10-18,0.0160575,0.009773
2011-10-19,-0.005186,-0.0059145
2011-10-20,0.003893,0.002188
2011-10-21,0.009211,0.0094935
2011-10-24,0.0065645,0.0061305
2011-10-25,-0.010439,-0.009726
2011-10-26,0.010809,0.005083500000000001
2011-10-27,0.022168,0.0174175
2011-10-28,0.003377,-0.00011650000000000001
2011-10-31,-0.022795999999999997,-0.012053000000000001
2011-11-01,-0.0161385,-0.013936499999999998
2011-11-02,0.015045999999999999,0.0081475
2011-11-03,0.0131675,0.0091135
2011-11-04,-0.0004205,-0.0030455
2011-11-07,0.0027365000000000002,0.003104
2011-11-08,0.0081645,0.006415500000000001
2011-11-09,-0.0221095,-0.018451
2011-11-10,0.0086925,0.004705
2011-11-11,0.0102385,0.009411
2011-11-14,-0.0065734999999999995,-0.004737
2011-11-15,-0.000561,0.002483
2011-11-16,-0.007511,-0.007943
2011-11-17,-0.0114025,-0.0079585
2011-11-18,-0.00299,-0.000516
2011-11-21,-0.008951,-0.0095015
2011-11-22,-0.0047065,-0.001968
2011-11-23,-0.015158499999999998,-0.011033
2011-11-25,-0.0035775,-0.0009435
2011-11-28,0.0187215,0.0144835
2011-11-29,0.007173,0.0014200000000000003
2011-11-30,0.027542,0.020575
2011-12-01,-0.0027515,-8e-05
2011-12-02,-0.0004255,-0.00044000000000000007
2011-12-05,0.0061775,0.005446000000000001
2011-12-06,-7e-05,0.0001585
2011-12-07,-0.00477,0.0018610000000000002
2011-12-08,-0.013951999999999999,-0.0109685
2011-12-09,0.01138,0.008471
2011-12-12,-0.0116965,-0.0072985
2011-12-13,-0.004668,-0.0046695
2011-12-14,-0.014063,-0.005323
2011-12-15,-0.002121,0.0018275
2011-12-16,0.005305500000000001,0.0007165
2011-12-19,-0.0087695,-0.005346
2011-12-20,0.020545,0.01513
2011-12-21,0.0055435,0.0009685
2011-12-22,0.005848,0.0044295
2011-12-23,0.00289,0.0044705
2011-12-27,0.0012929999999999999,0.0003955
2011-12-28,-0.01906,-0.006562
2011-12-29,0.010373,0.005167
2011-12-30,-0.00043400000000000003,-0.002458
2012-01-03,0.027774,0.007948
2012-01-04,0.002111,0.000804
2012-01-05,-0.004775,0.002662
2012-01-06,-0.005927,-0.002577
2012-01-09,0.004827,0.002427
2012-01-10,0.008901,0.008671
2012-01-11,-0.013444000000000001,0.000542
2012-01-12,-0.009368,0.002399
2012-01-13,-0.005015,-0.005173
2012-01-17,0.007128,0.003881
2012-01-18,0.016372,0.011056
2012-01-19,0.00408,0.005276
2012-01-20,0.00014,0.000608
2012-01-23,0.007985,0.000532
2012-01-24,-0.0029189999999999997,-0.00114
2012-01-25,0.012267000000000002,0.008367
2012-01-26,-0.013633,-0.00513
2012-01-27,-0.002094,-0.000455
2012-01-30,-0.004757,-0.003414
2012-01-31,-0.006326000000000001,-0.00038100000000000005
2012-02-01,0.003961,0.008757
2012-02-02,0.007609,0.001585
2012-02-03,0.01762,0.014018999999999998
2012-02-06,0.011956,-0.000669
2012-02-07,0.0051600000000000005,0.002529
2012-02-08,-0.003377,0.002968
2012-02-09,0.000136,0.001257
2012-02-10,-0.01003,-0.00738
2012-02-13,0.007941,0.007435
2012-02-14,0.001766,-0.001256
2012-02-15,-0.0016270000000000002,-0.00466
2012-02-16,0.013038,0.011066
2012-02-17,0.003754,0.002654
2012-02-21,0.006812,0.00044000000000000007
2012-02-22,0.002255,-0.00321
2012-02-23,0.00503,0.004403
2012-02-24,0.003951,0.002188
2012-02-27,-0.003148,0.00168
2012-02-28,-0.00329,0.002909
2012-02-29,-0.011354999999999999,-0.003918
2012-03-01,0.009615,0.005182
2012-03-02,-0.011376000000000002,-0.003035
2012-03-05,-0.006422,-0.004093
2012-03-06,-0.016294,-0.014625
2012-03-07,0.00835,0.0069759999999999996
2012-03-08,0.008146,0.009949
2012-03-09,-0.000943,0.003868
2012-03-12,-0.005526,7.3e-05
2012-03-13,0.012063,0.01804
2012-03-14,-0.009642,-0.001085
2012-03-15,0.001623,0.005789
2012-03-16,0.013697999999999998,0.001378
2012-03-19,0.004545,0.00392
2012-03-20,-0.015039,-0.0029109999999999995
2012-03-21,-0.011890000000000001,-0.001638
2012-03-22,-0.022563,-0.007204
2012-03-23,0.010912,0.003233
2012-03-26,0.007473,0.014034999999999999
2012-03-27,-0.010028000000000002,-0.003107
2012-03-28,-0.012488,-0.004959
2012-03-29,0.0,-0.001709
2012-03-30,0.00815,0.004136
2012-04-02,0.009756,0.007315
2012-04-03,-0.008696,-0.004089
2012-04-04,-0.012809999999999998,-0.009911
2012-04-05,-0.005642,-0.000501
2012-04-09,-0.012624,-0.011231
2012-04-10,-0.019638,-0.016785
2012-04-11,0.000249,0.008094
2012-04-12,0.021828,0.013066
2012-04-13,-0.015054000000000001,-0.011888
2012-04-16,-0.006696,-0.000656
2012-04-17,0.016266,0.014827
2012-04-18,-0.002019,-0.003394
2012-04-19,-0.0013,-0.006421
2012-04-20,-0.002315,0.00167
2012-04-23,-0.001015,-0.008409
2012-04-24,0.007403,0.003801
2012-04-25,0.009942,0.013692
2012-04-26,0.010558000000000001,0.006969
2012-04-27,-0.000424,0.0016410000000000003
2012-04-30,0.006215000000000001,-0.0037040000000000003
2012-05-01,0.014318000000000003,0.00622
2012-05-02,-0.01633,-0.002949
2012-05-03,-0.0166,-0.007661
2012-05-04,-0.022891000000000005,-0.016158
2012-05-07,-0.002928,0.00073
2012-05-08,-0.003231,-0.004012
2012-05-09,-0.004861,-0.005932
2012-05-10,0.004293,0.002063
2012-05-11,-0.00737,-0.003014
2012-05-14,-0.016632,-0.011060999999999998
2012-05-15,-0.016642,-0.005742
2012-05-16,-0.005651,-0.003832
2012-05-17,-0.006332,-0.014823999999999999
2012-05-18,-0.006217,-0.008559
2012-05-21,0.02299,0.017188
2012-05-22,-0.002446,0.0017430000000000002
2012-05-23,0.0036779999999999994,0.00053
2012-05-24,-0.0007630000000000001,0.001966
2012-05-25,-0.004737,-0.0032439999999999995
2012-05-29,0.016736,0.012112000000000001
2012-05-30,-0.030655,-0.01451
2012-05-31,-0.008724,-0.002201
2012-06-01,-0.024988,-0.025177
2012-06-04,-0.0008059999999999999,-0.000234
2012-06-05,0.00855,0.007572
2012-06-06,0.03087,0.022468
2012-06-07,0.000621,0.000303
2012-06-08,0.000155,0.003976
2012-06-11,-0.013643,-0.01266
2012-06-12,0.014147,0.011452
2012-06-13,-0.012709,-0.006395
2012-06-14,0.015699,0.0106
2012-06-15,0.019028,0.010177
2012-06-18,-0.008991,0.001938
2012-06-19,0.014455,0.009673
2012-06-20,-0.003941,-0.001621
2012-06-21,-0.040937,-0.022439
2012-06-22,0.006665,0.007702
2012-06-25,-0.022383,-0.016035
2012-06-26,0.010803,0.002513
2012-06-27,0.020736999999999995,0.009039
2012-06-28,0.006876,-0.002876
2012-06-29,0.03011,0.024964
2012-07-02,0.000452,0.001488
2012-07-03,0.023946000000000002,0.006608
2012-07-05,-0.01309,-0.004527
2012-07-06,-0.012071999999999998,-0.009504
2012-07-09,-0.004526,-0.001255
2012-07-10,-0.015608,-0.00872
2012-07-11,0.013547,0.000149
2012-07-12,-0.0033409999999999994,-0.004845
2012-07-13,0.017525,0.016778
2012-07-16,0.003295,-0.002357
2012-07-17,0.012539,0.006867
2012-07-18,0.008698,0.007407
2012-07-19,0.003069,0.002621
2012-07-20,0.002331,-0.009148
2012-07-23,-0.009594,-0.010112
2012-07-24,-0.015999,-0.008624
2012-07-25,0.000746,0.000261
2012-07-26,0.028469,0.016497
2012-07-27,0.017681,0.018396
2012-07-30,0.002848,3.6e-05
2012-07-31,-0.010934,-0.006994
2012-08-01,0.004882,-0.0008709999999999999
2012-08-02,-0.016717,-0.006905
2012-08-03,0.023539999999999995,0.019826
2012-08-06,0.0026969999999999997,0.0019449999999999997
2012-08-07,0.015008,0.005014000000000001
2012-08-08,0.000837,0.001212
2012-08-09,0.006828999999999999,0.000854
2012-08-10,0.0018,0.0016359999999999999
2012-08-13,-0.003731,-0.000497
2012-08-14,-0.001803,0.000142
2012-08-15,-0.000139,0.001136
2012-08-16,0.008894,0.007379
2012-08-17,-0.000413,0.001338
2012-08-20,-0.003445,7e-05
2012-08-21,-0.00318,-0.003024
2012-08-22,0.003745,0.000423
2012-08-23,-0.011125000000000001,-0.008144
2012-08-24,0.00594,0.006007
2012-08-27,0.000417,0.000212
2012-08-28,0.0006939999999999998,-0.000989
2012-08-29,-0.006661,0.000778
2012-08-30,-0.010618,-0.007208
2012-08-31,0.010025,0.004769
2012-09-04,-0.007688999999999999,-0.000921
2012-09-05,-0.003804,-0.000851
2012-09-06,0.021072,0.020297
2012-09-07,0.017313,0.003895
2012-09-10,-0.004357,-0.005681
2012-09-11,0.010666,0.002787
2012-09-12,0.006088,0.0033349999999999994
2012-09-13,0.016272,0.015237
2012-09-14,0.013233,0.004434
2012-09-17,-0.007575000000000001,-0.003396
2012-09-18,-0.007106,-0.0008179999999999999
2012-09-19,-0.009675,0.000546
2012-09-20,0.002793,6.8e-05
2012-09-21,0.001068,-0.000413
2012-09-24,-0.005022000000000001,-0.001542
2012-09-25,-0.010969,-0.010608
2012-09-26,-0.009458,-0.005586
2012-09-27,0.013601,0.009386
2012-09-28,-0.004676,-0.004632
2012-10-01,0.00497,0.002605
2012-10-02,0.001761,0.001074
2012-10-03,-0.012309,0.004083
2012-10-04,0.010065999999999999,0.007133999999999999
2012-10-05,-0.002373,0.000103
2012-10-08,0.0016309999999999999,-0.003408
2012-10-09,0.001357,-0.009901
2012-10-10,-0.018699,-0.00638
2012-10-11,0.007457,0.000558
2012-10-12,-0.005482,-0.0032780000000000005
2012-10-15,0.005099,0.008328
2012-10-16,0.015906,0.010132999999999998
2012-10-17,0.012552,0.004535
2012-10-18,-0.000133,-0.002599
2012-10-19,-0.015731,-0.016667
2012-10-22,-0.005012,0.000142
2012-10-23,-0.023278,-0.013876
2012-10-24,-0.007666000000000001,-0.002828
2012-10-25,0.00941,0.0029069999999999994
2012-10-26,0.001252,-0.000566
2012-10-31,-0.000277,0.0
2012-11-01,0.004262,0.01047
2012-11-02,-0.016426,-0.008892
2012-11-05,0.007599,0.002039
2012-11-06,0.016062,0.007835
2012-11-07,-0.026116999999999998,-0.022664
2012-11-08,-0.018066,-0.012024
2012-11-09,-0.000287,0.0008690000000000001
2012-11-12,0.002013,0.0007599999999999999
2012-11-13,-0.004164,-0.003435
2012-11-14,-0.012173,-0.013500000000000002
2012-11-15,0.001386,-0.001691
2012-11-16,0.003933,0.004937
2012-11-19,0.023086,0.020238999999999997
2012-11-20,-0.003987,0.000431
2012-11-21,0.005411,0.0018680000000000003
2012-11-23,0.014162,0.013625
2012-11-26,-0.009778,-0.002122
2012-11-27,-0.008318,-0.005105000000000001
2012-11-28,0.009101,0.008052
2012-11-29,0.002255,0.004666
2012-11-30,-0.000844,0.000246
2012-12-03,-0.005484,-0.004959
2012-12-04,-0.003685,-0.001414
2012-12-05,0.006961,0.00177
2012-12-06,0.003243,0.003392
2012-12-07,0.006047,0.003064
2012-12-10,-0.001118,0.000407
2012-12-11,0.005876,0.006787
2012-12-12,0.003616,0.00048799999999999994
2012-12-13,-0.009285,-0.006132000000000001
2012-12-14,-0.003777,-0.00368
2012-12-17,0.009127,0.011715999999999999
2012-12-18,0.018367,0.011129
2012-12-19,-0.006848999999999999,-0.007429
2012-12-20,0.006759,0.005752
2012-12-21,-0.010099,-0.009014
2012-12-24,-0.007632,-0.003081
2012-12-26,-0.004474,-0.004215
2012-12-27,-0.001826,-0.001329
2012-12-28,-0.017448,-0.010819
2012-12-31,0.02277,0.016996
2013-01-02,0.022053,0.02563
2013-01-03,-0.000205,-0.0011155
2013-01-04,0.011099,0.004363
2013-01-07,-0.007724999999999999,-0.002736
2013-01-08,-0.0032780000000000005,-0.0028769999999999993
2013-01-09,-0.0016440000000000003,0.002545
2013-01-10,0.009058,0.00795
2013-01-11,0.001224,-6.8e-05
2013-01-14,0.000136,-0.00068
2013-01-15,0.004482,0.00068
2013-01-16,0.004463,-0.000136
2013-01-17,0.006354000000000001,0.006459999999999999
2013-01-18,0.009873,0.00223
2013-01-22,0.009538,0.005393
2013-01-23,-0.003412,0.001609
2013-01-24,0.0028969999999999994,0.000268
2013-01-25,0.009453,0.005622
2013-01-28,-0.001691,-0.001198
2013-01-29,0.016154,0.003931
2013-01-30,-0.005,-0.003916
2013-01-31,-0.00335,-0.002466
2013-02-01,0.009308,0.010287
2013-02-04,-0.009479,-0.011274
2013-02-05,0.008664,0.010131
2013-02-06,0.0006409999999999999,0.000728
2013-02-07,-0.002563,-0.001323
2013-02-08,0.009377,0.005564
2013-02-11,-0.004963,-0.000198
2013-02-12,0.002686,0.001647
2013-02-13,0.0035709999999999995,0.000862
2013-02-14,0.008643,0.000914
2013-02-15,-0.011467,-0.001182
2013-02-19,0.0116,0.007494999999999999
2013-02-20,-0.020917000000000005,-0.012463
2013-02-21,-0.00695,-0.006079
2013-02-22,0.010498,0.009773
2013-02-25,-0.026164,-0.019027
2013-02-26,0.009878,0.006846
2013-02-27,0.015258,0.012598
2013-02-28,-0.002055,-0.001975
2013-03-01,0.0012869999999999997,0.0032980000000000006
2013-03-04,-0.002185,0.005325
2013-03-05,0.006442,0.008959
2013-03-06,0.001152,0.001361
2013-03-07,0.005114,0.001786
2013-03-08,0.004834,0.00429
2013-03-11,0.000506,0.003796
2013-03-12,0.001139,-0.002243
2013-03-13,-0.002275,0.001445
2013-03-14,0.013681,0.005292
2013-03-15,-0.000786,-0.001316
2013-03-18,-0.00804,-0.005519
2013-03-19,-0.011017999999999998,-0.002323
2013-03-20,0.005635,0.006985
2013-03-21,-0.005094,-0.008549
2013-03-22,0.007936,0.00804
2013-03-25,-0.00381,-0.004177
2013-03-26,0.01058,0.008003
2013-03-27,0.00328,0.0
2013-03-28,-0.002892,0.003073
2013-04-01,-0.002017,-0.003957
2013-04-02,-0.005685,0.004934
2013-04-03,-0.018678,-0.010139
2013-04-04,-0.0012950000000000001,0.004059
2013-04-05,0.002204,-0.004504
2013-04-08,0.006727,0.00678
2013-04-09,0.008481,0.003457
2013-04-10,0.005352,0.012249
2013-04-11,0.004309,0.003277
2013-04-12,-0.015649,-0.00245
2013-04-15,-0.040769,-0.023186
2013-04-16,0.006148,0.014776000000000001
2013-04-17,-0.021917,-0.014612
2013-04-18,0.008504,-0.0031269999999999996
2013-04-19,-0.002008,0.008693
2013-04-22,0.01073,0.004438
2013-04-23,0.011545000000000001,0.010309000000000002
2013-04-24,0.013381,0.000634
2013-04-25,0.000777,0.004054
2013-04-26,-0.001682,-0.001766
2013-04-29,0.010105999999999999,0.006699
2013-04-30,0.003976,0.002385
2013-05-01,-0.015587,-0.008768
2013-05-02,0.013108,0.009287
2013-05-03,0.018063,0.010128
2013-05-06,0.006795,0.002553
2013-05-07,0.007749000000000001,0.005068
2013-05-08,0.0016119999999999997,0.004552
2013-05-09,-0.000867,-0.0028100000000000004
2013-05-10,-0.005205,0.0032479999999999996
2013-05-13,-0.000125,0.000795
2013-05-14,0.014204,0.010334
2013-05-15,-0.0028260000000000004,0.005356
2013-05-16,-0.004928,-0.004666
2013-05-17,0.016714,0.009677
2013-05-20,0.014125999999999998,-6e-05
2013-05-21,-0.002041,0.001438
2013-05-22,-0.011551,-0.007418
2013-05-23,0.000487,-0.002893
2013-05-24,-0.00584,-0.000858
2013-05-28,0.010525,0.006001000000000001
2013-05-29,-0.00218,-0.006494
2013-05-30,-0.002306,0.0036919999999999995
2013-05-31,-0.020681,-0.014382
2013-06-03,0.009689,0.005537000000000001
2013-06-04,-0.007874,-0.004807
2013-06-05,-0.011657000000000002,-0.013989
2013-06-06,0.007528,0.009041
2013-06-07,0.012578,0.012721
2013-06-10,-0.002829,0.0
2013-06-11,-0.01517,-0.010327999999999999
2013-06-12,-0.006136,-0.008265
2013-06-13,0.016759,0.015209000000000002
2013-06-14,-0.009667,-0.006303
2013-06-17,0.014390999999999998,0.007752
2013-06-18,0.005675,0.007875
2013-06-19,-0.0092,-0.013787
2013-06-20,-0.029219,-0.024778
2013-06-21,0.001714,0.001597
2013-06-24,-0.014839,-0.006318000000000001
2013-06-25,0.012855,0.004823
2013-06-26,0.006154,0.0049345
2013-06-27,0.001911,0.005869999999999999
2013-06-28,-0.004197,-0.004097
2013-07-01,0.007152,0.00586
2013-07-02,0.002156,-0.0009299999999999999
2013-07-03,-0.000633,0.00043400000000000003
2013-07-05,0.012408,0.010789
2013-07-08,0.006503,0.005674
2013-07-09,0.010188999999999998,0.007228
2013-07-10,-0.00615,0.000375
2013-07-11,0.008044,0.013608
2013-07-12,0.005647999999999999,0.000418
2013-07-15,-0.000855,0.003851
2013-07-16,-0.006109,-0.003747
2013-07-17,0.004426,0.002538
2013-07-18,0.010648999999999999,0.005476999999999999
2013-07-19,0.013928000000000001,0.001777
2013-07-22,-0.003225,0.001951
2013-07-23,0.001678,-0.002124
2013-07-24,-0.011126,-0.003666
2013-07-25,0.006654,0.002433
2013-07-26,-0.002524,0.001066
2013-07-29,-0.008313,-0.003075
2013-07-30,-0.001944,-1.2e-05
2013-07-31,0.003287,0.000724
2013-08-01,0.016258,0.011558000000000002
2013-08-02,-0.004417,0.001699
2013-08-05,-0.002398,-0.001462
2013-08-06,-0.006131,-0.005682
2013-08-07,-0.003508,-0.0032399999999999994
2013-08-08,0.005462,0.003665
2013-08-09,-0.0030179999999999994,-0.002886
2013-08-12,-0.004238,-0.001175
2013-08-13,0.001824,0.0029510000000000005
2013-08-14,-0.004612,-0.005129
2013-08-15,-0.005487,-0.013986
2013-08-16,-0.004046,-0.003306
2013-08-19,-0.015881,-0.006392
2013-08-20,0.00613,0.004916
2013-08-21,-0.005471,-0.00616
2013-08-22,0.014877,0.009115
2013-08-23,0.007145,0.003372
2013-08-26,-0.001712,-0.003721
2013-08-27,-0.006248,-0.016084
2013-08-28,0.016644,0.003551
2013-08-29,-0.010429,0.001586
2013-08-30,-0.000368,-0.0031670000000000005
2013-09-03,0.007355999999999999,0.004522
2013-09-04,0.005416,0.008273
2013-09-05,0.003329,0.001267
2013-09-06,-0.000121,0.000482
2013-09-09,0.011161,0.0096
2013-09-10,0.000418,0.007373000000000001
2013-09-11,0.007633999999999999,0.0031390000000000003
2013-09-12,-0.005919,-0.002656
2013-09-13,-0.000357,0.002249
2013-09-16,-0.000238,0.005787
2013-09-17,0.004528,0.004463
2013-09-18,0.012098,0.01158
2013-09-19,-0.002461,-0.001682
2013-09-20,-0.008075,-0.006958
2013-09-23,-0.004879,-0.004628
2013-09-24,0.000957,-0.002354
2013-09-25,-0.000239,-0.00289
2013-09-26,0.001792,0.003845
2013-09-27,-0.003459,-0.004603
2013-09-30,-0.007672,-0.005322
2013-10-01,0.006404999999999999,0.007916
2013-10-02,0.002277,-0.000945
2013-10-03,-0.008729,-0.009221
2013-10-04,0.010132999999999998,0.007577
2013-10-07,-0.00824,-0.008645
2013-10-08,-0.010715999999999998,-0.011646999999999998
2013-10-09,-0.00353,0.000725
2013-10-10,0.018566,0.021558
2013-10-11,0.010793000000000002,0.006443
2013-10-14,0.006762000000000001,0.003994
2013-10-15,-0.003653,-0.007254
2013-10-16,0.015021,0.013966
2013-10-17,0.002097,0.006683
2013-10-18,0.01093,0.006743
2013-10-21,-0.004486,6.9e-05
2013-10-22,0.005546,0.005791000000000001
2013-10-23,-0.015638,-0.004789
2013-10-24,0.004798,0.003322
2013-10-25,0.006041000000000001,0.004568
2013-10-28,0.000808,0.001591
2013-10-29,0.007038,0.005334
2013-10-30,-0.00676,-0.004967
2013-10-31,-0.003461,-0.002836
2013-11-01,-0.003588,0.002389
2013-11-04,0.012430000000000002,0.003519
2013-11-05,-0.009065,-0.0031670000000000005
2013-11-06,0.002953,0.005106
2013-11-07,-0.015413,-0.012643
2013-11-08,0.014892,0.013491
2013-11-11,0.0018490000000000002,0.000169
2013-11-12,-0.009226,-0.00203
2013-11-13,0.00873,0.008024
2013-11-14,0.006,0.004989
2013-11-15,0.005506,0.004351
2013-11-18,-0.007643,-0.003499
2013-11-19,0.001724,-0.002174
2013-11-20,-0.00241,-0.003128
2013-11-21,0.009548,0.008069
2013-11-22,0.005356,0.005002000000000001
2013-11-25,-0.009067,-0.000995
2013-11-26,-0.002516,0.000277
2013-11-27,-0.006765,0.002435
2013-11-29,-0.002078,-0.000663
2013-12-02,0.0006939999999999998,-0.002597
2013-12-03,0.002428,-0.004321
2013-12-04,-0.003229,-0.000111
2013-12-05,-0.0033549999999999995,-0.004395
2013-12-06,0.003134,0.011177
2013-12-09,0.001389,0.002542
2013-12-10,-0.003005,-0.0035830000000000002
2013-12-11,-0.014141999999999998,-0.011231
2013-12-12,0.004233,-0.003301
2013-12-13,-0.0032780000000000005,-0.000112
2013-12-16,0.008693,0.00621
2013-12-17,-0.005708000000000001,-0.003158
2013-12-18,0.015110000000000002,0.017073
2013-12-19,0.002885,-0.001156
2013-12-20,0.0017570000000000003,0.005787
2013-12-23,0.001038,0.005343
2013-12-24,0.005531999999999999,0.002191
2013-12-26,0.007107,0.005057000000000001
2013-12-27,0.004894,-5.399999999999999e-05
2013-12-30,-0.007136,-0.000136
2013-12-31,0.009697,0.004733
2014-01-02,-0.014236,-0.009584
2014-01-03,-0.0036679999999999994,-0.00019100000000000003
2014-01-06,0.00138,-0.002871
2014-01-07,0.007582,0.006142
2014-01-08,-0.006955,0.00021799999999999999
2014-01-09,-0.0031,0.000654
2014-01-10,0.0008059999999999999,0.0027230000000000006
2014-01-13,-0.019908,-0.013332
2014-01-14,0.013033,0.010926
2014-01-15,-0.002898,0.005390000000000001
2014-01-16,0.0013949999999999998,-0.0013
2014-01-17,-0.0016250000000000001,-0.004257
2014-01-21,0.008255,0.002968
2014-01-22,0.004613,0.0006520000000000001
2014-01-23,-0.011364,-0.008193
2014-01-24,-0.0209,-0.021336
2014-01-27,-0.003556,-0.004919
2014-01-28,0.007616,0.005955
2014-01-29,-0.005551,-0.009605
2014-01-30,0.003207,0.0106
2014-01-31,-0.012904,-0.0058579999999999995
2014-02-03,-0.01787,-0.022505
2014-02-04,0.010258,0.0069759999999999996
2014-02-05,-0.009791,-0.001226
2014-02-06,0.014893,0.013186999999999999
2014-02-07,0.010825,0.012396
2014-02-10,-0.004879,0.001837
2014-02-11,0.013034,0.010944
2014-02-12,-0.002361,0.000495
2014-02-13,0.004733,0.005163
2014-02-14,0.013071,0.005519
2014-02-18,0.004533,0.001196
2014-02-19,0.001273,-0.006622
2014-02-20,0.006586999999999999,0.005901
2014-02-21,-0.007922,-0.001141
2014-02-24,0.015045,0.005547
2014-02-25,-0.000456,-0.00037900000000000005
2014-02-26,-0.006273,5.399999999999999e-05
2014-02-27,0.001033,0.005248
2014-02-28,0.005044999999999999,0.002529
2014-03-03,-0.006389000000000001,-0.007032
2014-03-04,0.010908,0.014056000000000003
2014-03-05,-0.009314,0.000906
2014-03-06,0.007223,0.00229
2014-03-07,0.001935,0.000425
2014-03-10,0.001591,-0.000531
2014-03-11,-0.011343,-0.004943
2014-03-12,0.000115,0.000267
2014-03-13,-0.00998,-0.011213000000000002
2014-03-14,0.0009270000000000001,-0.0028079999999999997
2014-03-17,0.005325,0.009044
2014-03-18,0.008406,0.007138
2014-03-19,-0.007537,-0.005329
2014-03-20,0.003912,0.005823
2014-03-21,0.002717,-0.003848
2014-03-24,-0.002068,-0.004135
2014-03-25,0.008978,0.004746
2014-03-26,-0.004677,-0.007192
2014-03-27,0.008138,-0.002108
2014-03-28,0.012506,0.00493
2014-03-31,0.0,0.008194
2014-04-01,0.005951,0.006631000000000001
2014-04-02,0.003572,0.003347
2014-04-03,0.006451,-0.001324
2014-04-04,-0.003647,-0.011822
2014-04-07,-0.016748,-0.011052
2014-04-08,0.01004,0.004123
2014-04-09,0.004579,0.010751
2014-04-10,-0.013897,-0.021033
2014-04-11,-0.0028179999999999998,-0.008981
2014-04-14,0.01368,0.007879
2014-04-15,0.013384,0.006887
2014-04-16,0.011996,0.010450999999999998
2014-04-17,0.009135,0.001424
2014-04-21,0.006790000000000001,0.003487
2014-04-22,-0.001606,0.004545
2014-04-23,0.005254,-0.002342
2014-04-24,0.00032,0.002027
2014-04-25,-0.005971,-0.008199
2014-04-28,0.001716,0.00314
2014-04-29,0.004604,0.004682
2014-04-30,-0.000853,0.002983
2014-05-01,-0.00224,8e-05
2014-05-02,0.002031,-0.0014069999999999998
2014-05-05,0.004695,0.001914
2014-05-06,0.001487,-0.008704
2014-05-07,0.008696,0.005889
2014-05-08,-0.014298,-0.001091
2014-05-09,-0.00096,0.0015190000000000002
2014-05-12,0.007046,0.00971
2014-05-13,0.0037099999999999998,0.0009219999999999999
2014-05-14,0.000422,-0.004738
2014-05-15,-0.011402,-0.00878
2014-05-16,-0.002563,0.003469
2014-05-19,0.003105,0.003669
2014-05-20,-0.002882,-0.006305
2014-05-21,0.010811,0.008424
2014-05-22,-0.000953,0.002432
2014-05-23,-0.002014,0.004009
2014-05-27,0.002762,0.0061470000000000006
2014-05-28,0.001695,-0.000731
2014-05-29,0.008565,0.005173
2014-05-30,-0.000734,0.001611
2014-06-02,-0.001259,0.001116
2014-06-03,0.003467,-0.000493
2014-06-04,-0.000523,0.002023
2014-06-05,0.005761,0.006522
2014-06-06,0.008227,0.004757
2014-06-09,0.001549,0.001049
2014-06-10,-0.00165,0.00010200000000000001
2014-06-11,0.003822,-0.003477
2014-06-12,0.003293,-0.00708
2014-06-13,0.009539,0.003049
2014-06-16,0.005995,0.000824
2014-06-17,-0.000707,0.002779
2014-06-18,0.00758,0.007314
2014-06-19,0.007122,0.001146
2014-06-20,0.009896,0.002019
2014-06-23,0.0035669999999999994,-0.000306
2014-06-24,-0.021029,-0.006023999999999999
2014-06-25,0.007564,0.00452
2014-06-26,0.001101,-0.000716
2014-06-27,0.0,0.001944
2014-06-30,0.0008,-0.000511
2014-07-01,0.000599,0.006693
2014-07-02,-0.001498,0.001015
2014-07-03,0.0038,0.004918
2014-07-07,-0.00767,-0.003481
2014-07-08,-0.001606,-0.00643
2014-07-09,0.006636,0.004484
2014-07-10,-0.009588,-0.003957
2014-07-11,-0.007664,0.001375
2014-07-14,0.008638,0.005035
2014-07-15,-0.004333,-0.0018730000000000003
2014-07-16,0.015179,0.003701
2014-07-17,-0.016148,-0.011365999999999998
2014-07-18,0.0029370000000000004,0.010219
2014-07-21,0.0015160000000000002,-0.0018710000000000003
2014-07-22,0.007161999999999999,0.004358
2014-07-23,0.00641,0.00222
2014-07-24,0.000896,5e-05
2014-07-25,-0.007357,-0.004682
2014-07-28,-0.002404,0.0004049999999999999
2014-07-29,-0.00251,-0.004297
2014-07-30,-0.005939,0.000152
2014-07-31,-0.021568,-0.019748
2014-08-01,-0.008072,-0.0030560000000000006
2014-08-04,0.016797,0.007221
2014-08-05,-0.021855,-0.009696
2014-08-06,0.0029370000000000004,0.000313
2014-08-07,-0.006275,-0.005415
2014-08-08,0.016735,0.011569000000000001
2014-08-11,0.000104,0.002872
2014-08-12,-0.007349,-0.001367
2014-08-13,0.003233,0.006769
2014-08-14,-0.005717,0.004722
2014-08-15,0.007422,-0.00020400000000000003
2014-08-18,0.002698,0.008379
2014-08-19,0.007658000000000001,0.005218999999999999
2014-08-20,0.002157,0.002672
2014-08-21,0.00082,0.002916
2014-08-22,-0.006656,-0.001554
2014-08-25,0.008865,0.005071
2014-08-26,0.005109,0.000649
2014-08-27,-0.002033,-0.000399
2014-08-28,0.00020400000000000003,-0.000549
2014-08-29,0.005601,0.002848
2014-09-02,-0.01266,-0.000498
2014-09-03,0.002667,-0.000548
2014-09-04,-0.013504,-0.001446
2014-09-05,0.006741,0.004495
2014-09-08,-0.015554000000000002,-0.0025859999999999998
2014-09-09,-0.004395,-0.006331
2014-09-10,-0.002417,0.003763
2014-09-11,0.000632,0.00115
2014-09-12,-0.014951,-0.005841
2014-09-15,0.007054,-0.000748
2014-09-16,0.012099,0.007533
2014-09-17,-0.005453,0.001347
2014-09-18,-0.005167,0.005329999999999999
2014-09-19,-0.0008129999999999999,-0.000896
2014-09-22,-0.014714,-0.007723
2014-09-23,-0.002922,-0.005724
2014-09-24,0.0008680000000000001,0.007828
2014-09-25,-0.01529,-0.016136
2014-09-26,0.012895,0.007945
2014-09-29,-0.002294,-0.001819
2014-09-30,-0.012531,-0.002632
2014-10-01,-0.020415000000000003,-0.013552
2014-10-02,-0.005182,0.000154
2014-10-03,-0.001585,0.011009
2014-10-06,0.001134,-0.00117
2014-10-07,-0.013028,-0.015436
2014-10-08,0.009757,0.017489
2014-10-09,-0.036717,-0.019833
2014-10-10,-0.014043000000000002,-0.011414
2014-10-13,-0.03088,-0.016428
2014-10-14,-0.012597,0.001548
2014-10-15,0.0076300000000000005,-0.0067659999999999994
2014-10-16,0.017875,-0.000858
2014-10-17,0.008537,0.011811
2014-10-20,0.008706,0.00971
2014-10-21,0.030448,0.019811
2014-10-22,-0.018962,-0.007111000000000001
2014-10-23,0.018617,0.011625000000000002
2014-10-24,-0.0034920000000000003,0.007695
2014-10-27,-0.021028,-0.001374
2014-10-28,0.022792,0.011470000000000001
2014-10-29,0.003267,-0.001512
2014-10-30,-0.0036049999999999997,0.006411
2014-10-31,0.020308000000000003,0.011434999999999999
2014-11-03,-0.015786,0.000545
2014-11-04,-0.020572,-0.003469
2014-11-05,0.017563,0.006316
2014-11-06,0.012595,0.004003
2014-11-07,0.011056,0.000935
2014-11-10,-0.008999,0.0031469999999999996
2014-11-11,0.002989,0.000956
2014-11-12,-0.008824,-0.001053
2014-11-13,-0.013296,0.001128
2014-11-14,0.010195,0.000245
2014-11-17,-0.00522,0.0006359999999999998
2014-11-18,0.0008160000000000001,0.005773999999999999
2014-11-19,0.005243,-0.001605
2014-11-20,0.012517,0.001754
2014-11-21,0.013049,0.005351
2014-11-24,-0.007684,0.0028060000000000003
2014-11-25,-0.016283,-0.000724
2014-11-26,-0.012617,0.002559
2014-11-28,-0.064244,-0.002119
2014-12-01,0.001754,-0.00695
2014-12-02,0.010862,0.00644
2014-12-03,0.012226999999999998,0.003887
2014-12-04,-0.008663,-0.001106
2014-12-05,-0.011939,0.0016370000000000002
2014-12-08,-0.040483000000000005,-0.006683
2014-12-09,0.0054525,-0.000678
2014-12-10,-0.0154105,-0.016031
2014-12-11,-0.0003315,0.005069000000000001
2014-12-12,-0.0092815,-0.016161
2014-12-15,-0.004458,-0.006869000000000001
2014-12-16,0.00886,-0.00802
2014-12-17,0.041481,0.019605
2014-12-18,0.0096005,0.024729
2014-12-19,0.0158825,0.004231
2014-12-22,-0.005089,0.0046
2014-12-23,0.0060815,0.00135
2014-12-24,-0.0036544999999999998,9.6e-05
2014-12-26,-0.000125,0.003225
2014-12-29,0.00181,0.001343
2014-12-30,-0.00796,-0.005365999999999999
2014-12-31,-0.007522999999999999,-0.009923
2015-01-02,0.004674,-0.000535
2015-01-05,-0.041368,-0.01806
2015-01-06,-0.007345000000000001,-0.009419
2015-01-07,0.001065,0.012461
2015-01-08,0.02245,0.017745
2015-01-09,-0.0039625,-0.008014
2015-01-12,-0.028811,-0.007834
2015-01-13,-0.003978,-0.002813
2015-01-14,0.003126,-0.006037
2015-01-15,-0.012737,-0.009161
2015-01-16,0.032528,0.013114999999999998
2015-01-20,0.000598,0.002108
2015-01-21,0.020313000000000005,0.005072999999999999
2015-01-22,0.004684,0.014871
2015-01-23,-0.007123000000000001,-0.005483
2015-01-26,0.014349,0.002342
2015-01-27,-0.0006429999999999999,-0.013191
2015-01-28,-0.039377,-0.012824
2015-01-29,0.0016744999999999998,0.009245
2015-01-30,0.008678,-0.012576
2015-02-02,0.030576,0.012384
2015-02-03,0.0136785,0.014461
2015-02-04,-0.008251,-0.003808
2015-02-05,0.007181999999999999,0.010095
2015-02-06,0.0001255,-0.002765
2015-02-09,0.001002,-0.004476
2015-02-10,-0.000501,0.010653
2015-02-11,-0.007012000000000001,0.00058
2015-02-12,0.013114999999999998,0.009617
2015-02-13,0.02116,0.004116
2015-02-17,0.003047,0.001573
2015-02-18,-0.011908999999999998,9.499999999999999e-05
2015-02-19,-0.004673,-0.000714
2015-02-20,-0.004819,0.005995999999999999
2015-02-23,-0.004097,-0.000142
2015-02-24,0.0027430000000000006,0.002846
2015-02-25,0.005471,-0.00085
2015-02-26,-0.018548,-0.001181
2015-02-27,-0.00441,-0.003406
2015-03-02,-0.006959999999999999,0.006313999999999999
2015-03-03,0.0036959999999999996,-0.004104
2015-03-04,-0.0013969999999999998,-0.004215
2015-03-05,-0.005976,0.001094
2015-03-06,-0.017907,-0.014065
2015-03-09,-0.007163,0.004145
2015-03-10,-0.013905,-0.016222
2015-03-11,0.0029270000000000003,-0.002342
2015-03-12,-0.006367,0.012713999999999998
2015-03-13,-0.003738,-0.006146
2015-03-16,0.013534,0.013374000000000002
2015-03-17,-0.003834,-0.002972
2015-03-18,0.029064,0.012022
2015-03-19,-0.015863,-0.004561
2015-03-20,0.014611,0.008787
2015-03-23,-0.003511,-0.001949
2015-03-24,-0.0066549999999999995,-0.005619
2015-03-25,0.013004,-0.014654
2015-03-26,-0.001167,-0.002381
2015-03-27,-0.008179,0.00229
2015-03-30,0.021466,0.012199999999999999
2015-03-31,-0.005894,-0.00874
2015-04-01,-0.000258,-0.003536
2015-04-02,0.002063,0.0035729999999999994
2015-04-06,0.018013,0.006757999999999999
2015-04-07,0.000632,-0.002646
2015-04-08,-0.008084,0.003353
2015-04-09,0.016045,0.004448
2015-04-10,0.004387,0.005457
2015-04-13,-0.009983,-0.004523
2015-04-14,0.018024,0.001913
2015-04-15,0.023895,0.004487
2015-04-16,-0.002297,-0.000285
2015-04-17,-0.007272,-0.011504
2015-04-20,0.003785,0.009137
2015-04-21,-0.010581,-0.001191
2015-04-22,0.006638,0.004914
2015-04-23,0.006838,0.002516
2015-04-24,-0.0057,0.00232
2015-04-27,-0.001098,-0.004157
2015-04-28,0.005007,0.003179
2015-04-29,0.007776,-0.004115
2015-04-30,-0.003135,-0.01002
2015-05-01,0.002298,0.010841
2015-05-04,-0.002534,0.002847
2015-05-05,-0.012346,-0.011452
2015-05-06,-0.003914,-0.004117
2015-05-07,-0.010821,0.00399
2015-05-08,0.01641,0.013166
2015-05-11,-0.018836,-0.004796
2015-05-12,0.004612,-0.002968
2015-05-13,-0.002606,0.00019100000000000003
2015-05-14,-0.000373,0.010428
2015-05-15,0.003983,0.001084
2015-05-18,0.0008680000000000001,0.003107
2015-05-19,-0.014243,-0.000329
2015-05-20,0.001885,-0.0007040000000000001
2015-05-21,0.009406,0.002912
2015-05-22,-0.0036030000000000003,-0.002389
2015-05-26,-0.015835,-0.010752
2015-05-27,-0.001774,0.009492
2015-05-28,-0.003934,-0.001128
2015-05-29,-0.001147,-0.006213
2015-06-01,-0.002551,0.002037
2015-06-02,0.006906,-0.000993
2015-06-03,-0.006859,0.00265
2015-06-04,-0.013557,-0.00845
2015-06-05,0.007001,-0.001709
2015-06-08,-0.005665,-0.00615
2015-06-09,-0.00013,-0.000144
2015-06-10,0.012303,0.011993
2015-06-11,-0.004477,0.0032239999999999994
2015-06-12,-0.01118,-0.007655
2015-06-15,-0.002339,-0.004285
2015-06-16,0.007816,0.005452
2015-06-17,-0.002456,0.0016169999999999997
2015-06-18,-0.0006479999999999999,0.010399
2015-06-19,-0.00922,-0.004417
2015-06-22,0.012251000000000001,0.005123
2015-06-23,0.0032540000000000004,0.000708
2015-06-24,-0.006225999999999999,-0.007263
2015-06-25,-0.010181,-0.0030399999999999997
2015-06-26,0.003297,-0.00019100000000000003
2015-06-29,-0.018928,-0.02097
2015-06-30,0.006967,0.002093
2015-07-01,-0.012773,0.008016
2015-07-02,0.004447,-0.000916
2015-07-06,-0.013149,-0.002846
2015-07-07,0.009109,0.006289
2015-07-08,-0.02021,-0.016777
2015-07-09,0.005087999999999999,0.001809
2015-07-10,0.0054730000000000004,0.012592
2015-07-13,0.007076,0.011036999999999998
2015-07-14,0.007161,0.004338
2015-07-15,-0.017574,-0.000332
2015-07-16,0.001366,0.008024
2015-07-17,-0.012137,0.000848
2015-07-20,-0.013252,0.000518
2015-07-21,0.00042,-0.003951
2015-07-22,-0.008111,-0.001795
2015-07-23,-0.000846,-0.00563
2015-07-24,-0.01919,-0.010372
2015-07-27,-0.014386,-0.005817
2015-07-28,0.028609,0.012282999999999999
2015-07-29,0.013623000000000001,0.006879
2015-07-30,-0.007000000000000001,0.000237
2015-07-31,-0.021853,-0.0015179999999999998
2015-08-03,-0.021044,-0.0033729999999999997
2015-08-04,-0.003386,-0.001954
2015-08-05,-0.007534,0.003295
2015-08-06,0.015927,-0.008188
2015-08-07,-0.017876,-0.00192
2015-08-10,0.031926,0.012599
2015-08-11,0.00188,-0.009023
2015-08-12,0.018182,0.001198
2015-08-13,-0.015164,-0.001244
2015-08-14,-0.002159,0.003642
2015-08-17,0.002163,0.005587
2015-08-18,-0.003741,-0.0028969999999999994
2015-08-19,-0.027588999999999995,-0.007905
2015-08-20,-0.022579,-0.020880999999999997
2015-08-21,-0.034955,-0.031083
2015-08-24,-0.053701,-0.040885
2015-08-25,-0.007239,-0.006014500000000001
2015-08-26,0.017224,0.038394
2015-08-27,0.0247305,0.0123675
2015-08-28,0.011354999999999999,2.5e-05
2015-08-31,0.005171,-0.008079
2015-09-01,-0.0176125,-0.029848
2015-09-02,0.004603,0.0094905
2015-09-03,0.0013915,0.000716
2015-09-04,-0.0082485,-0.015137000000000001
2015-09-08,0.007838,0.025131
2015-09-09,-0.009415,-0.013372
2015-09-10,0.00291,0.005442
2015-09-11,-0.0044575,0.004544
2015-09-14,-0.0043395,-0.003711
2015-09-15,0.0055715,0.012499
2015-09-16,0.014168999999999998,0.008667
2015-09-17,-0.000306,-0.002248
2015-09-18,-0.0130355,-0.016255
2015-09-21,0.0028525,0.005168000000000001
2015-09-22,-0.005279000000000001,-0.01298
2015-09-23,-0.00645,-0.001599
2015-09-24,0.004356,-0.003616
2015-09-25,0.001928,-0.000259
2015-09-28,-0.039923,-0.025097
2015-09-29,-0.0007515,0.000585
2015-09-30,0.0117915,0.018658
2015-10-01,0.0009805,0.002609
2015-10-02,0.041259,0.014938
2015-10-05,0.0151135,0.017795
2015-10-06,0.0110975,-0.003426
2015-10-07,0.0063205,0.008191
2015-10-08,0.009546,0.009027
2015-10-09,-0.0032425000000000006,0.000596
2015-10-12,-0.006455,0.000944
2015-10-13,-0.005217,-0.0063019999999999994
2015-10-14,0.0043065,-0.004794
2015-10-15,0.008981,0.015355
2015-10-16,0.0006510000000000001,0.004547
2015-10-19,-0.019789,0.000492
2015-10-20,0.0027999999999999995,-0.001377
2015-10-21,-0.012344,-0.006106
2015-10-22,0.018003,0.016894
2015-10-23,-0.002338,0.010962000000000001
2015-10-26,-0.024465,-0.002458
2015-10-27,-0.012014,-0.001932
2015-10-28,0.022192,0.011375
2015-10-29,0.005056,-0.000574
2015-10-30,0.00651,-0.00431
2015-11-02,0.023372,0.011831000000000001
2015-11-03,0.025566999999999996,0.002899
2015-11-04,-0.008964,-0.003033
2015-11-05,-0.008479,-0.000998
2015-11-06,-0.005131,-0.000523
2015-11-09,-0.009885,-0.009332
2015-11-10,0.00217,0.002307
2015-11-11,-0.021224,-0.003932
2015-11-12,-0.022717,-0.013959999999999998
2015-11-13,-0.004075,-0.011228
2015-11-16,0.033343,0.015207
2015-11-17,-0.011,-0.000729
2015-11-18,0.016462,0.015866
2015-11-19,-0.013422999999999997,-0.000862
2015-11-20,-0.010648,0.003648
2015-11-23,0.007175,-0.00115
2015-11-24,0.021371,0.001339
2015-11-25,-0.008137,-0.000143
2015-11-27,-0.007179,0.001147
2015-11-30,0.003689,-0.004152
2015-12-01,0.007939,0.009536
2015-12-02,-0.030922,-0.010210000000000002
2015-12-03,-0.020018,-0.013998
2015-12-04,-0.006297,0.019503
2015-12-07,-0.038022,-0.006059
2015-12-08,-0.0051415,-0.006724
2015-12-09,0.013149,-0.007775
2015-12-10,0.006409000000000001,0.002581
2015-12-11,-0.037415,-0.019381
2015-12-14,0.0026465,0.005056
2015-12-15,0.0125865,0.010498
2015-12-16,-0.00329,0.014628
2015-12-17,-0.012278,-0.015238
2015-12-18,-0.0086765,-0.017708
2015-12-21,0.0005105,0.008245
2015-12-22,0.011725,0.009074
2015-12-23,0.0435,0.012383
2015-12-24,-0.0045065,-0.00165
2015-12-28,-0.0090955,-0.002285
2015-12-29,0.0034739999999999997,0.010672
2015-12-30,-0.0067355,-0.007088
2015-12-31,0.002248,-0.010003
2016-01-04,-0.000332,-0.013983
2016-01-05,0.003814,0.001695
2016-01-06,-0.038493,-0.012614
2016-01-07,-0.0121995,-0.023992
2016-01-08,-0.0064285,-0.010961
2016-01-11,-0.010705,0.000974
2016-01-12,0.001185,0.008072
2016-01-13,-0.0120045,-0.024945
2016-01-14,0.0215245,0.0082085
2016-01-15,-0.014472,-0.010733
2016-01-19,-0.010763500000000002,0.0006655
2016-01-20,-0.013256999999999998,-0.012815
2016-01-21,0.0155495,0.005602
2016-01-22,0.0221055,0.020515
2016-01-25,-0.023322500000000003,-0.015117
2016-01-26,0.0189125,0.013643
2016-01-27,-0.002357,-0.010883
2016-01-28,0.0152125,0.005209
2016-01-29,0.0145865,0.024382
2016-02-01,-0.008375,-0.0001825
2016-02-02,-0.016642,-0.018022
2016-02-03,0.0178025,0.0029975
2016-02-04,-0.000262,0.001568
2016-02-05,-0.011611500000000002,-0.01905
2016-02-08,-0.0025919999999999997,-0.013461
2016-02-09,-0.012039500000000002,5.399999999999999e-05
2016-02-10,-0.0020255,-0.000863
2016-02-11,-0.002117,-0.013007999999999999
2016-02-12,0.013173,0.020617
2016-02-16,0.0049745,0.016878
2016-02-17,0.016389,0.0081675
2016-02-18,-0.0062435,-0.002048
2016-02-19,-0.0011415,-0.000469
2016-02-22,0.012762,0.014478999999999999
2016-02-23,-0.0170785,-0.01263
2016-02-24,0.005064999999999999,0.004576
2016-02-25,0.00044000000000000007,0.012112000000000001
2016-02-26,0.002988,-0.002305
2016-02-29,-0.005679,-0.007838
2016-03-01,0.013079,0.023506999999999997
2016-03-02,0.0122285,0.004492
2016-03-03,0.0075655,0.003894
2016-03-04,0.004803,0.003279
2016-03-07,0.011729,0.000798
2016-03-08,-0.020997,-0.010918
2016-03-09,0.0081145,0.00494
2016-03-10,0.0004115,0.000802
2016-03-11,0.0129135,0.016137
2016-03-14,-0.0032875,-0.0012819999999999997
2016-03-15,-0.0009685,-0.0016300000000000002
2016-03-16,0.008653,0.005787
2016-03-17,0.0068405,0.006344
2016-03-18,0.0014265,0.003908
2016-03-21,-0.0017325,0.001419
2016-03-22,-0.005531999999999999,-0.000537
2016-03-23,-0.021933,-0.006603
2016-03-24,0.004875,-0.000439
2016-03-28,-0.005336,0.000591
2016-03-29,0.004715,0.009254
2016-03-30,0.001929,0.004384
2016-03-31,-0.000472,-0.002427
2016-04-01,-0.013411,0.006812
2016-04-04,-0.007383,-0.0032379999999999996
2016-04-05,-0.006751,-0.009992
2016-04-06,0.021595,0.010925
2016-04-07,-0.005854000000000001,-0.011966
2016-04-08,0.020118,0.0026929999999999996
2016-04-11,-0.004169,-0.002343
2016-04-12,0.029786,0.009312
2016-04-13,0.00469,0.010105
2016-04-14,0.002334,4.4000000000000006e-05
2016-04-15,-0.01352,-0.001106
2016-04-18,0.016538,0.007022999999999999
2016-04-19,0.019972,0.003158
2016-04-20,0.008956,0.000953
2016-04-21,-0.005867,-0.005377999999999999
2016-04-22,0.014528,0.0
2016-04-25,-0.011187,-0.0017229999999999997
2016-04-26,0.01599,0.001482
2016-04-27,0.019005,0.002062
2016-04-28,-0.014862,-0.009088
2016-04-29,-0.0016270000000000002,-0.005383
2016-05-02,-0.001037,0.007945
2016-05-03,-0.02358,-0.008707
2016-05-04,-0.014429,-0.005574
2016-05-05,0.008168,-0.000195
2016-05-06,-0.002293,0.003659
2016-05-09,-0.014555,0.000823
2016-05-10,0.017568,0.012438
2016-05-11,0.0030560000000000006,-0.009355
2016-05-12,0.002754,0.000291
2016-05-13,-0.012772,-0.008714
2016-05-16,0.016926,0.009865
2016-05-17,0.004691,-0.00933
2016-05-18,-0.009639,0.000289
2016-05-19,0.000152,-0.003465
2016-05-20,0.005930000000000001,0.006317
2016-05-23,-0.0025700000000000002,-0.001363
2016-05-24,0.005001,0.012962
2016-05-25,0.015832,0.006783
2016-05-26,-0.004156,0.000287
2016-05-27,0.000596,0.004299
2016-05-31,-0.003873,-0.001903
2016-06-01,0.000299,0.002049
2016-06-02,-0.001345,0.003044
2016-06-03,-0.003892,-0.002987
2016-06-06,0.022104,0.005087999999999999
2016-06-07,0.022632,0.001561
2016-06-08,-0.002301,0.0032600000000000003
2016-06-09,-0.007638000000000001,-0.001366
2016-06-10,-0.021638,-0.009478
2016-06-13,-0.002969,-0.007716
2016-06-14,-0.000596,-0.001963
2016-06-15,-0.002371,-0.001394
2016-06-16,-0.00479,0.002984
2016-06-17,0.010148999999999998,-0.003703
2016-06-20,0.008671,0.00644
2016-06-21,0.011857,0.002839
2016-06-22,-0.005566,-0.0016309999999999999
2016-06-23,0.016497,0.013023
2016-06-24,-0.032314,-0.036431
2016-06-27,-0.032046,-0.008689
2016-06-28,0.027847,0.0090175
2016-06-29,0.018964,0.0085145
2016-06-30,0.007976,0.0068105
2016-07-01,0.005276,0.001064
2016-07-05,-0.020117,-0.007197
2016-07-06,0.004302,0.005998
2016-07-07,-0.010221000000000001,-0.000639
2016-07-08,0.013332,0.01491
2016-07-11,0.00192,0.003527
2016-07-12,0.024763999999999998,0.007263
2016-07-13,-0.008631,-0.00014
2016-07-14,0.005078,0.005583
2016-07-15,-0.000577,-0.001342
2016-07-18,0.000722,0.002684
2016-07-19,-0.005641,-0.001013
2016-07-20,-0.00144,0.00414
2016-07-21,-0.009885,-0.003777
2016-07-22,0.003083,0.004508
2016-07-25,-0.019906,-0.002716
2016-07-26,0.005824,0.00046199999999999995
2016-07-27,-0.0098,-0.001061
2016-07-28,0.00015,0.001155
2016-07-29,0.010195,0.0016149999999999997
2016-08-01,-0.032947,-0.000829
2016-08-02,0.009055,-0.006411
2016-08-03,0.019316,0.002926
2016-08-04,-0.001492,0.001063
2016-08-05,0.009115,0.00818
2016-08-08,0.013327,-0.000596
2016-08-09,-0.005261,0.000596
2016-08-10,-0.010870999999999999,-0.002475
2016-08-11,0.014704,0.004641
2016-08-12,0.005562,-0.0008690000000000001
2016-08-15,0.008006,0.002884
2016-08-16,0.001588,-0.005158
2016-08-17,0.0030280000000000003,0.001881
2016-08-18,0.020555,0.002244
2016-08-19,-0.00831,-0.001462
2016-08-22,-0.011504,-4.6e-05
2016-08-23,0.007029,0.002013
2016-08-24,-0.003984,-0.005115
2016-08-25,-0.002722,-0.000689
2016-08-26,-0.003447,-0.001883
2016-08-29,0.006774,0.004928
2016-08-30,-0.003436,-0.001652
2016-08-31,-0.015802,-0.0028440000000000006
2016-09-01,-0.0029189999999999997,4.6e-05
2016-09-02,0.011271999999999999,0.004508
2016-09-06,0.015055,0.0030259999999999996
2016-09-07,0.005704,-9.499999999999999e-05
2016-09-08,0.018718,-0.002283
2016-09-09,-0.029787999999999995,-0.023934999999999998
2016-09-12,0.0099,0.014347
2016-09-13,-0.028555,-0.014376
2016-09-14,-0.011846,-0.000375
2016-09-15,0.012432,0.009993
2016-09-16,-0.008032,-0.003846
2016-09-19,-0.000593,0.00018799999999999996
2016-09-20,-0.007269,4.699999999999999e-05
2016-09-21,0.023162,0.011246
2016-09-22,0.001168,0.006301
2016-09-23,-0.013275000000000002,-0.005479
2016-09-26,-0.004435,-0.008102
2016-09-27,-0.006681999999999999,0.006208
2016-09-28,0.043205,0.004964
2016-09-29,-0.00172,-0.009047
2016-09-30,0.013638,0.007546
2016-10-03,-0.000708,-0.002404
2016-10-04,-0.010204,-0.005098
2016-10-05,0.015321,0.004425
2016-10-06,0.001551,0.000696
2016-10-07,-0.005773,-0.003429
2016-10-10,0.01572,0.005208000000000001
2016-10-11,-0.011433,-0.01263
2016-10-12,-0.004231,0.001312
2016-10-13,-0.005524,-0.003276
2016-10-14,-0.00584,0.000516
2016-10-17,-0.004871,-0.0034720000000000003
2016-10-18,0.004031,0.006262
2016-10-19,0.014196,0.002667
2016-10-20,-0.001131,-0.001867
2016-10-21,-0.006511,0.000468
2016-10-24,-0.002992,0.004253
2016-10-25,-0.004573,-0.0033509999999999994
2016-10-26,0.002297,-0.002008
2016-10-27,-0.003724,-0.002667
2016-10-28,-0.002731,-0.0029550000000000006
2016-10-31,-0.010811999999999999,4.699999999999999e-05
2016-11-01,0.000146,-0.007244999999999999
2016-11-02,-0.011074000000000002,-0.006019
2016-11-03,0.003978,-0.004577
2016-11-04,-0.005430000000000001,-0.001102
2016-11-07,0.021543999999999997,0.022057000000000004
2016-11-08,0.0013,0.004504
2016-11-09,0.016301,0.010598000000000002
2016-11-10,0.004258,0.002499
2016-11-11,-0.018233,-0.002305
2016-11-14,0.005615,0.000786
2016-11-15,0.028203,0.007803
2016-11-16,-0.006962,-0.001878
2016-11-17,-0.006730000000000001,0.005141
2016-11-18,0.004094,-0.002238
2016-11-21,0.023758999999999995,0.0075509999999999996
2016-11-22,-0.000549,0.001953
2016-11-23,0.004122,0.000544
2016-11-25,-0.004926,0.003715
2016-11-28,-0.013889,-0.004695
2016-11-29,-0.012272,0.0019499999999999997
2016-11-30,0.050826,-0.002399
2016-12-01,0.002418,-0.003675
2016-12-02,0.002949,0.000501
2016-12-05,0.00882,0.006009
2016-12-06,-0.0018549999999999999,0.0031670000000000005
2016-12-07,0.007963,0.013081
2016-12-08,0.005398000000000001,0.002449
2016-12-09,0.0031430000000000004,0.00604
2016-12-12,0.0047,-0.001148
2016-12-13,0.011305,0.006674
2016-12-14,-0.020044,-0.008254
2016-12-15,0.002229,0.004117
2016-12-16,0.00618,-0.0019449999999999997
2016-12-19,-0.004575,0.002177
2016-12-20,-0.002232,0.003858
2016-12-21,0.001579,-0.002783
2016-12-22,0.004073,-0.001727
2016-12-23,-0.000916,0.001464
2016-12-27,0.002227,0.002481
2016-12-28,-0.010847,-0.008265
2016-12-29,-0.001982,-0.000223
2016-12-30,-0.002912,-0.003655
2017-01-03,0.011285,0.0076500000000000005
2017-01-04,-0.002101,0.005948999999999999
2017-01-05,-0.0025,-0.000794
2017-01-06,0.0009229999999999999,0.003578
2017-01-09,-0.014495000000000001,-0.003301
2017-01-10,-0.009092,0.0
2017-01-11,0.010795,0.0028260000000000004
2017-01-12,-0.004138,-0.00251
2017-01-13,-0.002949,0.002296
2017-01-17,0.006184,-0.003523
2017-01-18,-0.002271,0.00221
2017-01-19,-0.005491,-0.003705
2017-01-20,0.003771,0.003674
2017-01-23,-0.010598000000000002,-0.0026019999999999997
2017-01-24,0.010983,0.006412
2017-01-25,0.005231,0.008656
2017-01-26,0.000801,-0.001045
2017-01-27,-0.010399,-0.00157
2017-01-30,-0.018321,-0.006202
2017-01-31,0.000412,-8.800000000000001e-05
2017-02-01,-0.007407,0.000396
2017-02-02,0.005666,0.000659
2017-02-03,0.008657,0.006893
2017-02-06,-0.008447,-0.001788
2017-02-07,-0.014152,4.4000000000000006e-05
2017-02-08,0.002369,0.00131
2017-02-09,0.011263,0.005932999999999999
2017-02-10,0.007562,0.003946
2017-02-13,0.00191,0.005443
2017-02-14,0.003269,0.003995
2017-02-15,-0.003937,0.00522
2017-02-16,-0.01363,-0.000851
2017-02-17,-0.005527,0.001576
2017-02-21,0.006808,0.005955
2017-02-22,-0.015181,-0.000888
2017-02-23,0.004204,0.000677
2017-02-24,-0.00935,0.001269
2017-02-27,0.008593,0.001563
2017-02-28,-0.003073,-0.0026990000000000004
2017-03-01,0.020034,0.013998
2017-03-02,-0.009477,-0.006297
2017-03-03,-0.001803,0.00063
2017-03-06,0.002223,-0.002978
2017-03-07,-0.00887,-0.002987
2017-03-08,-0.02601,-0.0018570000000000001
2017-03-09,0.006604,0.001268
2017-03-10,-0.001426,0.0035040000000000006
2017-03-13,0.000143,0.000505
2017-03-14,-0.011282,-0.0038269999999999997
2017-03-15,0.022245,0.008653
2017-03-16,-0.007065,-0.001967
2017-03-17,-0.000725,-0.0017480000000000002
2017-03-20,-0.000774,-0.001097
2017-03-21,-0.007685,-0.01284
2017-03-22,-0.001445,0.002353
2017-03-23,-0.004051,-0.001067
2017-03-24,-0.003923,-0.000726
2017-03-27,-0.004667,-0.001026
2017-03-28,0.014215,0.0072770000000000005
2017-03-29,0.013726,0.000935
2017-03-30,-0.000285,0.003184
2017-03-31,-0.003422,-0.002328
2017-04-03,-0.001717,-0.001739
2017-04-04,0.0073089999999999995,0.000637
2017-04-05,-0.00313,-0.002973
2017-04-06,0.007992,0.002811
2017-04-07,-0.0038229999999999996,-0.001019
2017-04-10,0.007533,0.000595
2017-04-11,0.000141,-0.00119
2017-04-12,-0.004231,-0.004382
2017-04-13,-0.018272,-0.006495
2017-04-17,0.002164,0.00886
2017-04-18,-0.009358,-0.002984
2017-04-19,-0.014678,-0.0018389999999999997
2017-04-20,0.004867,0.008139
2017-04-21,-0.00499,-0.0031870000000000006
2017-04-24,0.005901,0.010998
2017-04-25,0.008506,0.005819000000000001
2017-04-26,-0.003344,-0.000629
2017-04-27,-0.010943000000000001,0.000839
2017-04-28,0.000738,-0.002179
2017-05-01,-0.002801,0.00252
2017-05-02,-0.005026,0.00037699999999999995
2017-05-03,0.002823,-0.001215
2017-05-04,-0.01837,0.001174
2017-05-05,0.015847,0.003937
2017-05-08,0.007131000000000001,-0.000167
2017-05-09,-0.008261,-0.000918
2017-05-10,0.013237999999999998,0.001796
2017-05-11,-0.002055,-0.002043
2017-05-12,-0.0033829999999999997,-0.001671
2017-05-15,0.007823,0.005524
2017-05-16,-0.004979,-0.000916
2017-05-17,-0.009862,-0.017744
2017-05-18,-0.000297,0.004028
2017-05-19,0.012341999999999999,0.006503999999999999
2017-05-22,-0.002203,0.005077000000000001
2017-05-23,0.002355,0.002213
2017-05-24,-0.005286999999999999,0.002333
2017-05-25,-0.01816,0.004779
2017-05-26,0.001654,-0.000207
2017-05-30,-0.013361000000000001,-0.0008690000000000001
2017-05-31,-0.00426,-0.000248
2017-06-01,0.006265,0.007952
2017-06-02,-0.011541,0.003328
2017-06-05,0.0018439999999999997,-0.000737
2017-06-06,0.011808,-0.003197
2017-06-07,-0.014095,0.00185
2017-06-08,-0.0029210000000000004,0.000492
2017-06-09,0.024052000000000004,-0.0015179999999999998
2017-06-12,0.007076,-0.000205
2017-06-13,0.007474999999999999,0.00489
2017-06-14,-0.018104,-0.001268
2017-06-15,-0.007556,-0.001924
2017-06-16,0.016433,0.00021799999999999999
2017-06-19,-0.006335,0.008325
2017-06-20,-0.01275,-0.006744
2017-06-21,-0.016144,-0.000247
2017-06-22,-0.000625,-0.000453
2017-06-23,0.006724,0.001194
2017-06-26,-0.002175,0.000658
2017-06-27,-0.001557,-0.008056
2017-06-28,0.005457,0.00895
2017-06-29,0.002171,-0.008789
2017-06-30,0.004487,0.001865
2017-07-03,0.019255,0.001696
2017-07-05,-0.020251,0.002312
2017-07-06,-0.011106,-0.009144
2017-07-07,-0.00156,0.006485000000000001
2017-07-10,0.003281,0.001074
2017-07-11,0.00545,-0.000743
2017-07-12,0.002788,0.007514999999999999
2017-07-13,0.004015,0.00168
2017-07-14,0.005999,0.004664
2017-07-17,-0.001223,-0.00012199999999999998
2017-07-18,-0.004746,0.000529
2017-07-19,0.014612999999999998,0.0054139999999999995
2017-07-20,-0.0030320000000000004,0.000445
2017-07-21,-0.009884,-0.00089
2017-07-24,-0.001843,-0.000243
2017-07-25,0.012617,0.002431
2017-07-26,0.001064,4e-05
2017-07-27,0.010170000000000002,-0.0009299999999999999
2017-07-28,-0.001202,-0.001173
2017-07-31,0.002257,-0.000567
2017-08-01,-0.00015,0.002229
2017-08-02,-0.003753,0.000485
2017-08-03,-0.014015,-0.00194
2017-08-04,0.00321,0.001822
2017-08-07,-0.007617,0.0018590000000000002
2017-08-08,-0.002303,-0.002461
2017-08-09,0.0009229999999999999,-4e-05
2017-08-10,-0.010607,-0.014114999999999999
2017-08-11,-0.006526,0.001477
2017-08-14,-0.002972,0.009913
2017-08-15,-0.003765,-0.00012199999999999998
2017-08-16,-0.009605,0.0017439999999999999
2017-08-17,-0.014150000000000001,-0.015591
2017-08-18,0.004999,-0.001563
2017-08-21,-0.005135,0.000783
2017-08-22,0.006613,0.010457
2017-08-23,0.004326,-0.0035849999999999996
2017-08-24,0.000638,-0.002331
2017-08-25,0.004464,0.002336
2017-08-28,-0.004444,4.1e-05
2017-08-29,-0.001276,0.001145
2017-08-30,0.000479,0.004738
2017-08-31,0.004787,0.006015999999999999
2017-09-01,0.009687,0.001414
2017-09-05,0.0055049999999999995,-0.007181999999999999
2017-09-06,0.016268,0.003414
2017-09-07,0.0018470000000000001,-0.00012199999999999998
2017-09-08,-0.010600999999999998,-0.001175
2017-09-11,0.009472,0.010666
2017-09-12,0.006153,0.0033710000000000003
2017-09-13,0.012536,0.00048
2017-09-14,0.004832,-0.00032
2017-09-15,0.002335,0.001338
2017-09-18,0.004253,0.002127
2017-09-19,0.004083,0.001001
2017-09-20,0.006778000000000001,0.00036
2017-09-21,0.000299,-0.0026789999999999995
2017-09-22,0.005085000000000001,0.000201
2017-09-25,0.014435,-0.002045
2017-09-26,-0.00044000000000000007,0.000603
2017-09-27,0.004256,0.003894
2017-09-28,0.000877,0.0012
2017-09-29,-0.000146,0.003515
2017-10-02,-0.000292,0.004339
2017-10-03,-0.001022,0.00214
2017-10-04,-0.000731,0.001186
2017-10-05,0.004536,0.005925000000000001
2017-10-06,-0.008449,-0.001139
2017-10-09,0.002057,-0.001651
2017-10-10,0.0008800000000000001,0.002638
2017-10-11,0.002344,0.001571
2017-10-12,-0.003653,-0.00149
2017-10-13,-0.000587,0.001217
2017-10-16,0.002201,0.001334
2017-10-17,0.000586,0.0007050000000000001
2017-10-18,-0.007025,0.000979
2017-10-19,-0.003095,0.000274
2017-10-20,0.001922,0.0051600000000000005
2017-10-23,-0.005165,-0.003889
2017-10-24,0.001928,0.0017570000000000003
2017-10-25,-0.006958,-0.00495
2017-10-26,0.002087,0.0012929999999999999
2017-10-27,0.001785,0.008176
2017-10-30,0.005198,-0.003725
2017-10-31,0.0032500000000000003,0.001558
2017-11-01,0.011338999999999998,0.001322
2017-11-02,-0.002912,0.000388
2017-11-03,0.0029210000000000004,0.003339
2017-11-06,0.022860000000000002,0.001548
2017-11-07,-0.001281,-0.0006949999999999999
2017-11-08,-0.004846,0.001701
2017-11-09,0.0030079999999999994,-0.003628
2017-11-10,-0.0052829999999999995,-0.00031
2017-11-13,-0.005742,0.0009299999999999999
2017-11-14,-0.016171,-0.002323
2017-11-15,-0.0113,-0.005004999999999999
2017-11-16,-0.004008,0.008501
2017-11-17,0.004918,-0.0029389999999999998
2017-11-20,-0.002373,0.001706
2017-11-21,0.00223,0.006543
2017-11-22,0.004005,-0.000885
2017-11-24,0.002807,0.00231
2017-11-27,-0.010165,-0.000499
2017-11-28,0.007739,0.010145
2017-11-29,0.005465,-0.000609
2017-11-30,0.014982,0.008755
2017-12-01,0.008394,-0.002075
2017-12-04,-0.000431,-0.00121
2017-12-05,-0.004307,-0.0035970000000000004
2017-12-06,-0.012978,0.00018999999999999998
2017-12-07,0.002922,0.0031530000000000004
2017-12-08,0.009177,0.005453
2017-12-11,0.007217,0.003013
2017-12-12,-0.0027230000000000006,0.001765
2017-12-13,-0.001437,-0.000112
2017-12-14,-0.003598,-0.004086
2017-12-15,-0.000891,0.008286
2017-12-18,0.007712,0.006341
2017-12-19,0.001444,-0.00384
2017-12-20,0.014131,-0.000524
2017-12-21,0.021185999999999997,0.00206
2017-12-22,0.002089,-0.000262
2017-12-26,0.008754,-0.001196
2017-12-27,-0.003306,0.000487
2017-12-28,0.0015199999999999999,0.002057
2017-12-29,-0.002898,-0.003771
2018-01-02,0.016468,0.007157
2018-01-03,0.014976,0.006325
2018-01-04,0.006035999999999999,0.004215
2018-01-05,-0.0004,0.006664
2018-01-08,0.006002,0.001829
2018-01-09,-0.002519,0.002263
2018-01-10,-0.001196,-0.00153
2018-01-11,0.020495,0.007296
2018-01-12,0.00965,0.006519
2018-01-16,-0.012658,-0.003418
2018-01-17,0.008765,0.009532
2018-01-18,-0.00817,-0.001681
2018-01-19,-0.001308,0.00455
2018-01-22,0.021602999999999997,0.008131
2018-01-23,-0.0015380000000000003,0.002122
2018-01-24,-0.002696,-0.000388
2018-01-25,-0.007851,0.000424
2018-01-26,0.005448,0.011578
2018-01-29,-0.015095,-0.00663
2018-01-30,-0.020173,-0.010257
2018-01-31,0.000668,0.000497
2018-02-01,0.010287,-0.001135
2018-02-02,-0.041788,-0.02177
2018-02-05,-0.041954000000000005,-0.041823
2018-02-06,0.007923,0.009851
2018-02-07,-0.016721,-0.005425
2018-02-08,-0.030233,-0.037509
2018-02-09,-0.000749,0.007511
2018-02-12,0.016349,0.014684999999999998
2018-02-13,-0.004132,0.002487
2018-02-14,0.014523,0.013496
2018-02-15,-0.002483,0.01276
2018-02-16,-0.002489,0.000293
2018-02-20,-0.005432,-0.006261
2018-02-21,-0.016827,-0.004974
2018-02-22,0.010959000000000002,0.0012959999999999998
2018-02-23,0.021681,0.015939
2018-02-26,0.005959,0.011612
2018-02-27,-0.013004,-0.012487
2018-02-28,-0.022984,-0.010129999999999998
2018-03-01,-0.001498,-0.014541
2018-03-02,0.004652,0.005155
2018-03-05,0.010605,0.011558000000000002
2018-03-06,0.000591,0.002535
2018-03-07,-0.007533,-0.000366
2018-03-08,-0.000298,0.004839
2018-03-09,0.019056,0.017402
2018-03-12,-0.000292,-0.001255
2018-03-13,-0.007161,-0.006463
2018-03-14,-0.005888,-0.005132
2018-03-15,-0.005182,-0.00109
2018-03-16,0.008852,0.001079
2018-03-19,-0.015451,-0.01353
2018-03-20,0.00845,0.001701
2018-03-21,0.026186,-0.001919
2018-03-22,-0.020414,-0.024997
2018-03-23,-0.006103,-0.021315
2018-03-26,0.017972,0.027359
2018-03-27,-0.009416,-0.017012
2018-03-28,-0.019457,-0.0029550000000000006
2018-03-29,0.021054,0.012778000000000001
2018-04-02,-0.020027,-0.021585
2018-04-03,0.021344,0.012817
2018-04-04,-0.001334,0.010699
2018-04-05,0.017958,0.007892
2018-04-06,-0.018078,-0.022286
2018-04-09,0.004751,0.004928
2018-04-10,0.033102,0.0159
2018-04-11,0.010442,-0.005242
2018-04-12,-0.000142,0.008227
2018-04-13,0.011044,-0.002933
2018-04-16,0.010223,0.008222
2018-04-17,0.003881,0.010698
2018-04-18,0.015742,0.00074
2018-04-19,0.001224,-0.005548
2018-04-20,-0.004752,-0.008479
2018-04-23,0.006139,-0.00015
2018-04-24,-0.010712,-0.013467
2018-04-25,0.00795,0.002472
2018-04-26,0.01455,0.010166
2018-04-27,-0.010588,0.000939
2018-04-30,-0.000135,-0.007691
2018-05-01,-0.006097,0.001777
2018-05-02,0.004089,-0.006717
2018-05-03,-0.002308,-0.002204
2018-05-04,0.004899,0.012946
2018-05-07,0.001354,0.0033829999999999997
2018-05-08,0.007843,0.0
2018-05-09,0.020395,0.009666
2018-05-10,0.007494999999999999,0.009351
2018-05-11,0.001436,0.003051
2018-05-14,0.006907,0.000476
2018-05-15,0.000259,-0.006887
2018-05-16,0.0034939999999999997,0.004205
2018-05-17,0.015087,-0.000845
2018-05-18,-0.007749000000000001,-0.0025
2018-05-21,0.010242,0.0075190000000000005
2018-05-22,-0.013306,-0.0027799999999999995
2018-05-23,-0.000128,0.002751
2018-05-24,-0.016442,-0.002049
2018-05-25,-0.025988999999999998,-0.002383
2018-05-29,-0.003084,-0.011501
2018-05-30,0.030262,0.013345000000000001
2018-05-31,-0.007572,-0.006126
2018-06-01,0.004736,0.009818
2018-06-04,-0.008641,0.004751
2018-06-05,-0.002377,0.000728
2018-06-06,0.004766,0.008361
2018-06-07,0.015152,-0.00010799999999999998
2018-06-08,-0.001947,0.002956
2018-06-11,0.005202,0.00133
2018-06-12,-0.007633,0.0012920000000000002
2018-06-13,-0.00378,-0.003191
2018-06-14,-0.001439,0.002518
2018-06-15,-0.021329,-0.0012719999999999997
2018-06-18,0.009977,-0.002057
2018-06-19,-0.002269,-0.0038330000000000005
2018-06-20,0.004415,0.001706
2018-06-21,-0.018516,-0.006269
2018-06-22,0.019951,0.001823
2018-06-25,-0.020093,-0.013613
2018-06-26,0.012629,0.002214
2018-06-27,0.01341,-0.008284
2018-06-28,-0.001323,0.005718
2018-06-29,0.006228,0.00144
2018-07-02,-0.014749000000000002,0.002138
2018-07-03,0.006281999999999999,-0.003531
2018-07-05,-0.001063,0.008158
2018-07-06,0.006116,0.008458
2018-07-09,0.014933,0.009004
2018-07-10,0.007422,0.003598
2018-07-11,-0.021197,-0.007314
2018-07-12,0.001717,0.009066
2018-07-13,0.005273,0.000787
2018-07-16,-0.01154,-0.000894
2018-07-17,-0.00398,0.004045
2018-07-18,0.000666,0.002104
2018-07-19,0.000266,-0.003771
2018-07-20,-0.0034599999999999995,-0.001143
2018-07-23,-0.004406,0.0018590000000000002
2018-07-24,0.012607,0.005032
2018-07-25,0.008344,0.008523
2018-07-26,0.010902,-0.002359
2018-07-27,-0.004288,-0.006776
2018-07-30,0.008221,-0.005224000000000001
2018-07-31,-0.001812,0.004929
2018-08-01,-0.013875,-0.001671
2018-08-02,-0.005523,0.005448
2018-08-03,-0.005157,0.004285
2018-08-06,0.003721,0.003667
2018-08-07,0.007415,0.003302
2018-08-08,-0.007229,-0.00042
2018-08-09,-0.009268,-0.001366
2018-08-10,0.0061470000000000006,-0.0067
2018-08-13,-0.012751000000000002,-0.003743
2018-08-14,0.002422,0.006381
2018-08-15,-0.034895,-0.007466999999999999
2018-08-16,0.007231,0.008091
2018-08-17,0.002485,0.0035200000000000006
2018-08-20,0.006748,0.00214
2018-08-21,0.005062,0.002345
2018-08-22,0.011977999999999999,-0.000594
2018-08-23,-0.004707,-0.001328
2018-08-24,0.0072970000000000005,0.006018
2018-08-27,0.007379,0.007895
2018-08-28,-0.004262,0.000483
2018-08-29,0.006152000000000001,0.005381
2018-08-30,-0.002792,-0.004048
2018-08-31,-0.007731,3.4e-05
2018-09-04,-0.002149,-0.001722
2018-09-05,-0.001346,-0.0026910000000000002
2018-09-06,-0.018469,-0.00301
2018-09-07,-0.000137,-0.001943
2018-09-10,-0.000412,0.001739
2018-09-11,0.009482,0.003297
2018-09-12,0.005173,0.000242
2018-09-13,0.00040599999999999995,0.005914
2018-09-14,0.00528,0.000172
2018-09-17,0.001616,-0.005294
2018-09-18,0.006588,0.005425999999999999
2018-09-19,0.003072,0.001066
2018-09-20,0.000266,0.008104
2018-09-21,0.006565,-0.000911
2018-09-24,0.014647,-0.003322
2018-09-25,0.006431,-0.0009279999999999999
2018-09-26,-0.009649,-0.002992
2018-09-27,0.0,0.0027939999999999996
2018-09-28,-0.002765,0.000103
2018-10-01,0.013863,0.0034739999999999997
2018-10-02,0.001042,-0.000583
2018-10-03,0.008066,0.000549
2018-10-04,-0.00413,-0.007816
2018-10-05,-0.00013,-0.005597000000000001
2018-10-08,-0.000778,0.0
2018-10-09,0.008949,-0.001459
2018-10-10,-0.031367,-0.031663
2018-10-11,-0.033842,-0.022027
2018-10-12,0.002747,0.0069440000000000005
2018-10-15,-0.008356,-0.005617
2018-10-16,0.008288,0.021866
2018-10-17,-0.0063019999999999994,0.000178
2018-10-18,-0.004963,-0.014441000000000002
2018-10-19,-0.008868,-0.000543
2018-10-22,-0.011044,-0.004489
2018-10-23,-0.026152,-0.005091
2018-10-24,-0.039483,-0.030299
2018-10-25,0.012241,0.0089705
2018-10-26,-0.007465,-0.0087935
2018-10-29,-0.018652,-0.00277
2018-10-30,0.023145,0.014819
2018-10-31,0.006142,0.010681000000000001
2018-11-01,0.008487,0.010642
2018-11-02,-0.00251,-0.005923
2018-11-05,0.016726,0.005516999999999999
2018-11-06,0.004659,0.006328
2018-11-07,0.016374,0.021409
2018-11-08,-0.021671,-0.001815
2018-11-09,-0.001749,-0.009768
2018-11-12,-0.02073,-0.018685
2018-11-13,-0.022958,-0.0018710000000000003
2018-11-14,-0.001678,-0.006836999999999999
2018-11-15,0.014671999999999998,0.010437
2018-11-16,0.011899,0.002601
2018-11-19,-0.000298,-0.016915
2018-11-20,-0.032758,-0.018506
2018-11-21,0.015702,0.003408
2018-11-23,-0.031373,-0.006679000000000001
2018-11-26,0.015021,0.016144
2018-11-27,-0.002775,0.003364
2018-11-28,0.017159,0.023025000000000004
2018-11-29,0.006535,-0.002185
2018-11-30,-0.001812,0.006095
2018-12-03,0.022236,0.013240999999999998
2018-12-04,-0.028706999999999996,-0.032402
2018-12-06,-0.018434,-0.0007585000000000001
2018-12-07,-0.005587,-0.011618
2018-12-10,-0.015608,0.0009485
2018-12-11,0.000317,0.0001135
2018-12-12,0.003963,0.0025175
2018-12-13,0.003158,-0.000339
2018-12-14,-0.02282,-0.018465
2018-12-17,-0.018199,-0.019618
2018-12-18,-0.023622,-0.000548
2018-12-19,-0.011761,-0.014976
2018-12-20,-0.027712,-0.008139
2018-12-21,-0.009616,-0.0101845
2018-12-24,-0.040456000000000006,-0.013211499999999998
2018-12-26,0.062221,0.0252625
2018-12-27,0.002623,0.0038385
2018-12-28,-0.0038269999999999997,-0.0006450000000000001
2018-12-31,0.0026295000000000003,0.0043795
2019-01-02,0.009852,0.00052
2019-01-03,-0.004959,-0.0119315
2019-01-04,0.017012,0.016748
2019-01-07,0.007433,0.0039425
2019-01-08,0.0038675,0.0046975
2019-01-09,0.007921,0.0023365
2019-01-10,0.001447,0.001764
2019-01-11,-0.005931,0.000193
2019-01-14,-0.002419,-0.006101
2019-01-15,0.003556,0.011461
2019-01-16,-0.0012889999999999998,0.00242
2019-01-17,0.009194,0.007587
2019-01-18,0.020297,0.013309999999999999
2019-01-22,-0.021773,-0.013511
2019-01-23,-0.010248,0.002092
2019-01-24,0.005339,0.000531
2019-01-25,0.012713,0.008461
2019-01-28,-0.010011,-0.0076
2019-01-29,0.0030499999999999998,-0.001327
2019-01-30,0.014082,0.015831
2019-01-31,0.00647,0.008782
2019-02-01,0.017404,0.000482
2019-02-04,0.002312,0.0070350000000000005
2019-02-05,0.001537,0.004192
2019-02-06,-0.007369,-0.001318
2019-02-07,-0.022116000000000004,-0.009533
2019-02-08,-0.004586,0.001222
2019-02-11,0.004766,0.000555
2019-02-12,0.01265,0.012859
2019-02-13,0.012491999999999998,0.003247
2019-02-14,0.003547,-0.002218
2019-02-15,0.016137,0.010897
2019-02-19,0.003025,0.0017309999999999997
2019-02-20,0.004222,0.002015
2019-02-21,-0.015465,-0.003556
2019-02-22,0.002898,0.0062
2019-02-25,0.001673,0.001361
2019-02-26,-0.003188,-0.000715
2019-02-27,0.0038069999999999996,-0.00043
2019-02-28,-0.010014,-0.0018630000000000003
2019-03-01,0.018391,0.006244
2019-03-04,0.001806,-0.003637
2019-03-05,-0.003305,-0.00136
2019-03-06,-0.01266,-0.006057
2019-03-07,-0.005952999999999999,-0.008365
2019-03-08,-0.018735,-0.002
2019-03-11,0.01565,0.014501
2019-03-12,0.006471,0.003771
2019-03-13,0.010104,0.006618999999999999
2019-03-14,0.001061,-0.00064
2019-03-15,-0.0004,0.004919
2019-03-18,0.013891,0.003626
2019-03-19,-0.00271,0.000248
2019-03-20,0.008756,-0.00301
2019-03-21,0.007034,0.011295
2019-03-22,-0.027047,-0.019246
2019-03-25,0.000458,-0.0007519999999999998
2019-03-26,0.014350999999999997,0.007454
2019-03-27,-0.007074,-0.005229
2019-03-28,0.00379,0.00379
2019-03-29,-0.00151,0.006306000000000001
2019-04-01,0.013157999999999998,0.011859
2019-04-02,-0.006867,0.00049
2019-04-03,-0.00962,0.001574
2019-04-04,0.008347,0.002653
2019-04-05,0.01761,0.00484
2019-04-08,0.004437,0.0007620000000000001
2019-04-09,-0.012222,-0.005125000000000001
2019-04-10,0.003727,0.003411
2019-04-11,0.000743,-0.000278
2019-04-12,0.002671,0.0067659999999999994
2019-04-15,-0.005920999999999999,-0.000655
2019-04-16,0.006551,0.000655
2019-04-17,-0.001331,-0.002447
2019-04-18,-0.00474,0.001969
2019-04-22,0.021134,0.000862
2019-04-23,-0.001603,0.008992
2019-04-24,-0.017518,-0.002219
2019-04-25,-0.00312,-0.000616
2019-04-26,-0.012968,0.004657
2019-04-29,-0.000906,0.001568
2019-04-30,-0.000756,0.00051
2019-05-01,-0.019967,-0.007516
2019-05-02,-0.017441,-0.002159
2019-05-03,0.009268,0.009788
2019-05-06,0.0009340000000000002,-0.004115
2019-05-07,-0.008708,-0.0167
2019-05-08,0.0,-0.001389
2019-05-09,0.0,-0.0030259999999999996
2019-05-10,0.004706,0.005023
2019-05-13,-0.017174,-0.02513
2019-05-14,0.012232,0.004522
2019-05-15,0.005179,0.0029285
2019-05-16,0.005464,0.0046305
2019-05-17,-0.010092999999999998,-0.006465000000000001
2019-05-20,0.000471,-0.006612
2019-05-21,0.011602,0.009016
2019-05-22,-0.015499,-0.003071
2019-05-23,-0.033533,-0.012219
2019-05-24,0.003747,0.002268
2019-05-28,-0.010386,-0.009301
2019-05-29,-0.006396,-0.006711
2019-05-30,-0.012708000000000002,0.002731
2019-05-31,-0.017553,-0.013475
2019-06-03,0.012762,-0.002543
2019-06-04,0.017305,0.021707
2019-06-05,-0.011065,0.004331
2019-06-06,0.018537,0.0032515
2019-06-07,0.004591,0.010006999999999999
2019-06-10,0.002938,0.004589
2019-06-11,0.001953,-0.000242
2019-06-12,-0.01413,-0.001765
2019-06-13,0.011697000000000003,0.004126
2019-06-14,-0.006514,-0.001105
2019-06-17,0.008359,0.00037999999999999997
2019-06-18,0.013817,0.010471
2019-06-19,-0.001122,0.002257
2019-06-20,0.022151,0.009554
2019-06-21,0.007168,-0.001448
2019-06-24,-0.008968,-0.001224
2019-06-25,-0.007938,-0.009808
2019-06-26,0.015362,-0.000997
2019-06-27,-0.007407,0.003546
2019-06-28,0.011591,0.005146
2019-07-01,0.000942,0.009079
2019-07-02,-0.015995,0.0026040000000000004
2019-07-03,0.003984,0.007995
2019-07-05,0.001429,-0.001138
2019-07-08,0.0014270000000000003,-0.005495
2019-07-09,0.000791,0.001247
2019-07-10,0.012809999999999998,0.004778
2019-07-11,0.00203,0.002344
2019-07-12,0.004208,0.004477
2019-07-15,-0.009001,0.000333
2019-07-16,-0.010648,-0.003458
2019-07-17,-0.011396,-0.006573
2019-07-18,0.00016,0.003661
2019-07-19,0.004642,-0.005555
2019-07-22,0.004621,0.002456
2019-07-23,0.002696,0.00715
2019-07-24,0.004271,0.0047
2019-07-25,-0.01134,-0.004777
2019-07-26,-0.005098,0.0067
2019-07-29,-0.004003,-0.001821
2019-07-30,0.011254,-0.002455
2019-07-31,-0.00318,-0.01094
2019-08-01,-0.022648,-0.008708
2019-08-02,-0.01436,-0.00753
2019-08-05,-0.029801,-0.030073
2019-08-06,-0.001195,0.0070115
2019-08-07,-0.007517,0.0002955
2019-08-08,0.028749000000000004,0.00981
2019-08-09,-0.011044,-0.003406
2019-08-12,-0.01269,-0.0060865
2019-08-13,0.010111000000000002,0.007776
2019-08-14,-0.039192,-0.014783999999999999
2019-08-15,-0.006181,0.001321
2019-08-16,0.013149,0.0073775
2019-08-19,0.022098,0.006023999999999999
2019-08-20,-0.008408,-0.0038315
2019-08-21,0.006402,0.0040675
2019-08-22,-0.00447,-0.000154
2019-08-23,-0.033506,-0.0128435
2019-08-26,0.004289,0.005529000000000001
2019-08-27,-0.006228,-0.001962
2019-08-28,0.014323999999999998,0.003521
2019-08-29,0.014651,0.0063865
2019-08-30,0.0,-0.000222
2019-09-03,-0.004871,-0.005847
2019-09-04,0.013986,0.01135
2019-09-05,0.012414000000000001,0.012855
2019-09-06,0.005279000000000001,0.000772
2019-09-09,0.01999,0.000503
2019-09-10,0.011792,-0.000235
2019-09-11,0.000985,0.007111000000000001
2019-09-12,-0.006232,0.003464
2019-09-13,0.007921,-0.000664
2019-09-16,0.033563,-0.003089
2019-09-17,-0.01394,0.002532
2019-09-18,-0.004819,0.000598
2019-09-19,-0.002583,-6.6e-05
2019-09-20,0.0008169999999999999,-0.004704
2019-09-23,0.00032600000000000006,-0.000235
2019-09-24,-0.015824,-0.007847
2019-09-25,0.001658,0.005915
2019-09-26,-0.013073,-0.002083
2019-09-27,-0.000168,-0.005387
2019-09-30,-0.007211,0.004638
2019-10-01,-0.023142,-0.011895
2019-10-02,-0.024555000000000004,-0.017665
2019-10-03,0.010814,0.0040965
2019-10-04,0.006313999999999999,0.0067659999999999994
2019-10-07,-0.008888,-0.0021575
2019-10-08,-0.017056,-0.015525
2019-10-09,0.009123,0.004748
2019-10-10,0.012586,0.0033815
2019-10-11,0.01348,0.010367
2019-10-14,-0.000518,-0.001114
2019-10-15,0.004148,0.0099
2019-10-16,-0.013941000000000002,-0.001606
2019-10-17,0.000698,0.002949
2019-10-18,-0.005233,-0.004377
2019-10-21,0.017885,0.006779
2019-10-22,0.012919999999999997,-0.003267
2019-10-23,0.008333,0.00291
2019-10-24,-0.004217,0.0016339999999999998
2019-10-25,0.00813,0.004095
2019-10-28,-0.005712,0.005637
2019-10-29,0.004055,-0.000297
2019-10-30,-0.020364,0.003067
2019-10-31,-0.004295,-0.002663
2019-11-01,0.022774000000000003,0.009264
2019-11-04,0.032557,0.004018
2019-11-05,0.001307,-0.001106
2019-11-06,-0.020395,0.000228
2019-11-07,0.014989999999999998,0.003517
2019-11-08,-0.004102,0.002466
2019-11-11,-0.005602,-0.00191
2019-11-12,-0.005137,0.002108
2019-11-13,-0.00433,0.00032399999999999996
2019-11-14,-0.002676,0.001456
2019-11-15,0.007716,0.007236
2019-11-18,-0.012151,0.000738
2019-11-19,-0.014827,-0.000288
2019-11-20,0.010091,-0.003719
2019-11-21,0.016424,-0.001609
2019-11-22,-0.003332,0.002224
2019-11-25,0.001003,0.00775
2019-11-26,-0.009183,0.002266
2019-11-27,0.002528,0.004458
